ANO_ELEICAO,SG_UF,SG_PARTIDO,eleitos,total_estado,coeficiente
2000,AC,DEM*,2,22,9.09
2000,AC,MDB*,5,22,22.73
2000,AC,PP*,5,22,22.73
2000,AC,PSDB,3,22,13.64
2000,AC,PT,7,22,31.82
2000,AL,AVANTE*,2,102,1.96
2000,AL,CIDADANIA*,2,102,1.96
2000,AL,DEM*,13,102,12.75
2000,AL,MDB*,17,102,16.67
2000,AL,PDT,8,102,7.84
2000,AL,PL*,2,102,1.96
2000,AL,PP*,3,102,2.94
2000,AL,PRTB*,3,102,2.94
2000,AL,PSB,13,102,12.75
2000,AL,PSC,1,102,0.98
2000,AL,PSD,1,102,0.98
2000,AL,PSDB,30,102,29.41
2000,AL,PSL,3,102,2.94
2000,AL,PTB,4,102,3.92
2000,AM,CIDADANIA*,2,62,3.23
2000,AM,DEM*,18,62,29.03
2000,AM,MDB*,14,62,22.58
2000,AM,PL*,9,62,14.52
2000,AM,PP*,1,62,1.61
2000,AM,PSDB,8,62,12.9
2000,AM,PST,1,62,1.61
2000,AM,PTB,9,62,14.52
2000,AP,DEM*,1,16,6.25
2000,AP,MDB*,2,16,12.5
2000,AP,PDT,3,16,18.75
2000,AP,PL*,1,16,6.25
2000,AP,PSB,5,16,31.25
2000,AP,PSC,1,16,6.25
2000,AP,PSDB,2,16,12.5
2000,AP,PTB,1,16,6.25
2000,BA,AVANTE*,4,417,0.96
2000,BA,DEM*,125,417,29.98
2000,BA,MDB*,32,417,7.67
2000,BA,MOBILIZA*,1,417,0.24
2000,BA,PAN,1,417,0.24
2000,BA,PDT,2,417,0.48
2000,BA,PHS*,1,417,0.24
2000,BA,PL*,71,417,17.03
2000,BA,PP*,42,417,10.07
2000,BA,PSB,6,417,1.44
2000,BA,PSC,12,417,2.88
2000,BA,PSD,2,417,0.48
2000,BA,PSDB,25,417,6.0
2000,BA,PSL,8,417,1.92
2000,BA,PST,1,417,0.24
2000,BA,PT,7,417,1.68
2000,BA,PTB,74,417,17.75
2000,BA,PTC*,2,417,0.48
2000,BA,PV,1,417,0.24
2000,CE,CIDADANIA*,17,184,9.24
2000,CE,DEM*,11,184,5.98
2000,CE,MDB*,12,184,6.52
2000,CE,PL*,1,184,0.54
2000,CE,PP*,10,184,5.43
2000,CE,PSB,3,184,1.63
2000,CE,PSD,36,184,19.57
2000,CE,PSDB,83,184,45.11
2000,CE,PT,2,184,1.09
2000,CE,PTB,7,184,3.8
2000,CE,PV,2,184,1.09
2000,ES,CIDADANIA*,1,78,1.28
2000,ES,DEM*,14,78,17.95
2000,ES,MDB*,18,78,23.08
2000,ES,MOBILIZA*,2,78,2.56
2000,ES,PDT,5,78,6.41
2000,ES,PHS*,1,78,1.28
2000,ES,PL*,3,78,3.85
2000,ES,PP*,3,78,3.85
2000,ES,PSB,6,78,7.69
2000,ES,PSD,1,78,1.28
2000,ES,PSDB,19,78,24.36
2000,ES,PTB,4,78,5.13
2000,ES,PTC*,1,78,1.28
2000,GO,CIDADANIA*,7,245,2.86
2000,GO,DC*,2,245,0.82
2000,GO,DEM*,37,245,15.1
2000,GO,MDB*,63,245,25.71
2000,GO,PDT,1,245,0.41
2000,GO,PL*,12,245,4.9
2000,GO,PP*,37,245,15.1
2000,GO,PSC,6,245,2.45
2000,GO,PSD,10,245,4.08
2000,GO,PSDB,60,245,24.49
2000,GO,PST,4,245,1.63
2000,GO,PT,1,245,0.41
2000,GO,PTB,4,245,1.63
2000,GO,PTN,1,245,0.41
2000,MA,CIDADANIA*,1,214,0.47
2000,MA,DEM*,71,214,33.18
2000,MA,MDB*,51,214,23.83
2000,MA,PDT,7,214,3.27
2000,MA,PL*,4,214,1.87
2000,MA,PP*,10,214,4.67
2000,MA,PRP,2,214,0.93
2000,MA,PRTB*,1,214,0.47
2000,MA,PSB,4,214,1.87
2000,MA,PSC,1,214,0.47
2000,MA,PSD,24,214,11.21
2000,MA,PSDB,17,214,7.94
2000,MA,PST,3,214,1.4
2000,MA,PT,2,214,0.93
2000,MA,PTB,16,214,7.48
2000,MG,CIDADANIA*,22,853,2.58
2000,MG,DC*,1,853,0.12
2000,MG,DEM*,152,853,17.82
2000,MG,MDB*,232,853,27.2
2000,MG,MOBILIZA*,7,853,0.82
2000,MG,PDT,38,853,4.45
2000,MG,PHS*,3,853,0.35
2000,MG,PL*,61,853,7.15
2000,MG,PP*,49,853,5.74
2000,MG,PRP,3,853,0.35
2000,MG,PSB,14,853,1.64
2000,MG,PSC,6,853,0.7
2000,MG,PSD,18,853,2.11
2000,MG,PSDB,137,853,16.06
2000,MG,PSL,1,853,0.12
2000,MG,PT,34,853,3.99
2000,MG,PTB,73,853,8.56
2000,MG,PTN,1,853,0.12
2000,MG,PV,1,853,0.12
2000,MS,CIDADANIA*,2,77,2.6
2000,MS,DEM*,5,77,6.49
2000,MS,MDB*,25,77,32.47
2000,MS,PDT,9,77,11.69
2000,MS,PP*,1,77,1.3
2000,MS,PSDB,23,77,29.87
2000,MS,PT,11,77,14.29
2000,MS,PTB,1,77,1.3
2000,MT,CIDADANIA*,22,139,15.83
2000,MT,DEM*,27,139,19.42
2000,MT,MDB*,21,139,15.11
2000,MT,PDT,4,139,2.88
2000,MT,PL*,1,139,0.72
2000,MT,PP*,2,139,1.44
2000,MT,PSB,1,139,0.72
2000,MT,PSDB,54,139,38.85
2000,MT,PT,2,139,1.44
2000,MT,PTB,5,139,3.6
2000,PA,CIDADANIA*,1,143,0.7
2000,PA,DEM*,4,143,2.8
2000,PA,MDB*,35,143,24.48
2000,PA,PDT,12,143,8.39
2000,PA,PL*,5,143,3.5
2000,PA,PP*,11,143,7.69
2000,PA,PRP,1,143,0.7
2000,PA,PSB,4,143,2.8
2000,PA,PSC,1,143,0.7
2000,PA,PSD,3,143,2.1
2000,PA,PSDB,46,143,32.17
2000,PA,PT,6,143,4.2
2000,PA,PTB,14,143,9.79
2000,PB,CIDADANIA*,2,223,0.9
2000,PB,DEM*,59,223,26.46
2000,PB,MDB*,83,223,37.22
2000,PB,PDT,20,223,8.97
2000,PB,PL*,5,223,2.24
2000,PB,PP*,14,223,6.28
2000,PB,PRP,1,223,0.45
2000,PB,PSB,1,223,0.45
2000,PB,PSDB,23,223,10.31
2000,PB,PSL,2,223,0.9
2000,PB,PT,2,223,0.9
2000,PB,PTB,11,223,4.93
2000,PE,CIDADANIA*,10,184,5.43
2000,PE,DC*,4,184,2.17
2000,PE,DEM*,46,184,25.0
2000,PE,MDB*,44,184,23.91
2000,PE,PC DO B,1,184,0.54
2000,PE,PDT,3,184,1.63
2000,PE,PHS*,1,184,0.54
2000,PE,PL*,1,184,0.54
2000,PE,PP*,6,184,3.26
2000,PE,PSB,32,184,17.39
2000,PE,PSC,1,184,0.54
2000,PE,PSDB,29,184,15.76
2000,PE,PSL,1,184,0.54
2000,PE,PT,4,184,2.17
2000,PE,PTB,1,184,0.54
2000,PI,CIDADANIA*,12,222,5.41
2000,PI,DEM*,65,222,29.28
2000,PI,MDB*,46,222,20.72
2000,PI,PDT,1,222,0.45
2000,PI,PL*,4,222,1.8
2000,PI,PP*,25,222,11.26
2000,PI,PRP,1,222,0.45
2000,PI,PSB,2,222,0.9
2000,PI,PSDB,50,222,22.52
2000,PI,PT,1,222,0.45
2000,PI,PTB,15,222,6.76
2000,PR,CIDADANIA*,15,399,3.76
2000,PR,DEM*,84,399,21.05
2000,PR,MDB*,82,399,20.55
2000,PR,PDT,19,399,4.76
2000,PR,PP*,29,399,7.27
2000,PR,PRP,4,399,1.0
2000,PR,PSB,3,399,0.75
2000,PR,PSC,4,399,1.0
2000,PR,PSD,1,399,0.25
2000,PR,PSDB,96,399,24.06
2000,PR,PSL,9,399,2.26
2000,PR,PST,2,399,0.5
2000,PR,PT,10,399,2.51
2000,PR,PTB,41,399,10.28
2000,RJ,CIDADANIA*,1,92,1.09
2000,RJ,DEM*,4,92,4.35
2000,RJ,MDB*,14,92,15.22
2000,RJ,MOBILIZA*,1,92,1.09
2000,RJ,PDT,34,92,36.96
2000,RJ,PL*,1,92,1.09
2000,RJ,PP*,9,92,9.78
2000,RJ,PSB,8,92,8.7
2000,RJ,PSD,1,92,1.09
2000,RJ,PSDB,11,92,11.96
2000,RJ,PT,1,92,1.09
2000,RJ,PTB,3,92,3.26
2000,RJ,PV,4,92,4.35
2000,RN,CIDADANIA*,4,167,2.4
2000,RN,DEM*,35,167,20.96
2000,RN,MDB*,55,167,32.93
2000,RN,PDT,4,167,2.4
2000,RN,PL*,12,167,7.19
2000,RN,PP*,37,167,22.16
2000,RN,PSB,6,167,3.59
2000,RN,PSD,1,167,0.6
2000,RN,PSDB,11,167,6.59
2000,RN,PT,1,167,0.6
2000,RN,PTB,1,167,0.6
2000,RO,DEM*,11,52,21.15
2000,RO,MDB*,13,52,25.0
2000,RO,MOBILIZA*,1,52,1.92
2000,RO,PDT,6,52,11.54
2000,RO,PP*,3,52,5.77
2000,RO,PSB,3,52,5.77
2000,RO,PSDB,4,52,7.69
2000,RO,PT,6,52,11.54
2000,RO,PTB,4,52,7.69
2000,RO,PV,1,52,1.92
2000,RR,DEM*,5,15,33.33
2000,RR,MDB*,1,15,6.67
2000,RR,PP*,1,15,6.67
2000,RR,PSDB,3,15,20.0
2000,RR,PST,3,15,20.0
2000,RR,PTB,2,15,13.33
2000,RS,DEM*,15,497,3.02
2000,RS,MDB*,139,497,27.97
2000,RS,PDT,78,497,15.69
2000,RS,PL*,3,497,0.6
2000,RS,PP*,174,497,35.01
2000,RS,PSB,7,497,1.41
2000,RS,PSDB,15,497,3.02
2000,RS,PT,35,497,7.04
2000,RS,PTB,31,497,6.24
2000,SC,CIDADANIA*,1,293,0.34
2000,SC,DEM*,58,293,19.8
2000,SC,MDB*,114,293,38.91
2000,SC,PDT,12,293,4.1
2000,SC,PL*,2,293,0.68
2000,SC,PP*,73,293,24.91
2000,SC,PSDB,19,293,6.48
2000,SC,PT,13,293,4.44
2000,SC,PTB,1,293,0.34
2000,SE,CIDADANIA*,10,75,13.33
2000,SE,DEM*,19,75,25.33
2000,SE,MDB*,15,75,20.0
2000,SE,PDT,1,75,1.33
2000,SE,PL*,2,75,2.67
2000,SE,PP*,2,75,2.67
2000,SE,PSB,3,75,4.0
2000,SE,PSDB,21,75,28.0
2000,SE,PT,2,75,2.67
2000,SP,CIDADANIA*,32,645,4.96
2000,SP,DC*,1,645,0.16
2000,SP,DEM*,89,645,13.8
2000,SP,MDB*,111,645,17.21
2000,SP,MOBILIZA*,1,645,0.16
2000,SP,PDT,21,645,3.26
2000,SP,PL*,32,645,4.96
2000,SP,PP*,34,645,5.27
2000,SP,PRP,4,645,0.62
2000,SP,PSB,12,645,1.86
2000,SP,PSD,13,645,2.02
2000,SP,PSDB,178,645,27.6
2000,SP,PSL,2,645,0.31
2000,SP,PST,1,645,0.16
2000,SP,PT,38,645,5.89
2000,SP,PTB,72,645,11.16
2000,SP,PV,4,645,0.62
2000,TO,CIDADANIA*,2,139,1.44
2000,TO,DEM*,56,139,40.29
2000,TO,MDB*,12,139,8.63
2000,TO,MOBILIZA*,1,139,0.72
2000,TO,PL*,2,139,1.44
2000,TO,PP*,37,139,26.62
2000,TO,PSDB,22,139,15.83
2000,TO,PST,1,139,0.72
2000,TO,PT,2,139,1.44
2000,TO,PTB,4,139,2.88
2004,AC,CIDADANIA*,2,22,9.09
2004,AC,DC*,1,22,4.55
2004,AC,MDB*,1,22,4.55
2004,AC,PL*,2,22,9.09
2004,AC,PP*,1,22,4.55
2004,AC,PSB,1,22,4.55
2004,AC,PSDB,2,22,9.09
2004,AC,PT,10,22,45.45
2004,AC,PTB,2,22,9.09
2004,AL,CIDADANIA*,7,102,6.86
2004,AL,DEM*,1,102,0.98
2004,AL,MDB*,17,102,16.67
2004,AL,MOBILIZA*,3,102,2.94
2004,AL,PDT,4,102,3.92
2004,AL,PL*,6,102,5.88
2004,AL,PP*,5,102,4.9
2004,AL,PRONA,1,102,0.98
2004,AL,PSB,22,102,21.57
2004,AL,PSDB,15,102,14.71
2004,AL,PT,2,102,1.96
2004,AL,PTB,19,102,18.63
2004,AM,CIDADANIA*,22,62,35.48
2004,AM,DEM*,4,62,6.45
2004,AM,MDB*,7,62,11.29
2004,AM,PDT,1,62,1.61
2004,AM,PL*,6,62,9.68
2004,AM,PP*,4,62,6.45
2004,AM,PRTB*,1,62,1.61
2004,AM,PSB,1,62,1.61
2004,AM,PSDB,6,62,9.68
2004,AM,PSL,3,62,4.84
2004,AM,PT,3,62,4.84
2004,AM,PTB,3,62,4.84
2004,AM,PV,1,62,1.61
2004,AP,AVANTE*,2,16,12.5
2004,AP,MDB*,1,16,6.25
2004,AP,PDT,5,16,31.25
2004,AP,PP*,2,16,12.5
2004,AP,PT,3,16,18.75
2004,AP,PTB,2,16,12.5
2004,AP,PV,1,16,6.25
2004,BA,AGIR*,9,417,2.16
2004,BA,AVANTE*,10,417,2.4
2004,BA,CIDADANIA*,3,417,0.72
2004,BA,DC*,1,417,0.24
2004,BA,DEM*,151,417,36.21
2004,BA,MDB*,20,417,4.8
2004,BA,MOBILIZA*,6,417,1.44
2004,BA,PDT,3,417,0.72
2004,BA,PHS*,9,417,2.16
2004,BA,PL*,66,417,15.83
2004,BA,PP*,56,417,13.43
2004,BA,PRONA,1,417,0.24
2004,BA,PRP,16,417,3.84
2004,BA,PRTB*,2,417,0.48
2004,BA,PSB,5,417,1.2
2004,BA,PSC,4,417,0.96
2004,BA,PSDB,27,417,6.47
2004,BA,PSL,1,417,0.24
2004,BA,PT,19,417,4.56
2004,BA,PTB,3,417,0.72
2004,BA,PTN,3,417,0.72
2004,BA,PV,2,417,0.48
2004,CE,AGIR*,1,184,0.54
2004,CE,CIDADANIA*,38,184,20.65
2004,CE,DC*,1,184,0.54
2004,CE,DEM*,5,184,2.72
2004,CE,MDB*,18,184,9.78
2004,CE,PC DO B,1,184,0.54
2004,CE,PDT,3,184,1.63
2004,CE,PHS*,2,184,1.09
2004,CE,PL*,5,184,2.72
2004,CE,PP*,9,184,4.89
2004,CE,PRP,7,184,3.8
2004,CE,PSB,2,184,1.09
2004,CE,PSDB,70,184,38.04
2004,CE,PT,12,184,6.52
2004,CE,PTB,6,184,3.26
2004,CE,PV,4,184,2.17
2004,ES,AVANTE*,2,78,2.56
2004,ES,CIDADANIA*,14,78,17.95
2004,ES,DEM*,4,78,5.13
2004,ES,MDB*,12,78,15.38
2004,ES,MOBILIZA*,4,78,5.13
2004,ES,PDT,4,78,5.13
2004,ES,PHS*,1,78,1.28
2004,ES,PL*,2,78,2.56
2004,ES,PP*,4,78,5.13
2004,ES,PRTB*,1,78,1.28
2004,ES,PSB,13,78,16.67
2004,ES,PSDB,6,78,7.69
2004,ES,PT,5,78,6.41
2004,ES,PTB,6,78,7.69
2004,GO,CIDADANIA*,9,246,3.66
2004,GO,DC*,3,246,1.22
2004,GO,DEM*,15,246,6.1
2004,GO,MDB*,48,246,19.51
2004,GO,PHS*,1,246,0.41
2004,GO,PL*,29,246,11.79
2004,GO,PP*,27,246,10.98
2004,GO,PSB,3,246,1.22
2004,GO,PSDB,88,246,35.77
2004,GO,PSL,1,246,0.41
2004,GO,PT,9,246,3.66
2004,GO,PTB,13,246,5.28
2004,MA,AVANTE*,3,217,1.38
2004,MA,DEM*,53,217,24.42
2004,MA,MDB*,41,217,18.89
2004,MA,MOBILIZA*,1,217,0.46
2004,MA,PC DO B,1,217,0.46
2004,MA,PDT,10,217,4.61
2004,MA,PHS*,1,217,0.46
2004,MA,PL*,13,217,5.99
2004,MA,PP*,16,217,7.37
2004,MA,PRONA,3,217,1.38
2004,MA,PRP,4,217,1.84
2004,MA,PRTB*,1,217,0.46
2004,MA,PSB,8,217,3.69
2004,MA,PSC,5,217,2.3
2004,MA,PSDB,8,217,3.69
2004,MA,PSL,1,217,0.46
2004,MA,PT,7,217,3.23
2004,MA,PTB,20,217,9.22
2004,MA,PTN,1,217,0.46
2004,MA,PV,20,217,9.22
2004,MG,AGIR*,4,853,0.47
2004,MG,AVANTE*,2,853,0.23
2004,MG,CIDADANIA*,32,853,3.75
2004,MG,DC*,1,853,0.12
2004,MG,DEM*,124,853,14.54
2004,MG,MDB*,143,853,16.76
2004,MG,MOBILIZA*,8,853,0.94
2004,MG,PDT,41,853,4.81
2004,MG,PHS*,2,853,0.23
2004,MG,PL*,88,853,10.32
2004,MG,PP*,69,853,8.09
2004,MG,PRP,1,853,0.12
2004,MG,PRTB*,4,853,0.47
2004,MG,PSB,8,853,0.94
2004,MG,PSC,5,853,0.59
2004,MG,PSDB,149,853,17.47
2004,MG,PSL,4,853,0.47
2004,MG,PT,86,853,10.08
2004,MG,PTB,79,853,9.26
2004,MG,PTN,1,853,0.12
2004,MG,PV,2,853,0.23
2004,MS,DEM*,3,78,3.85
2004,MS,MDB*,13,78,16.67
2004,MS,PDT,17,78,21.79
2004,MS,PL*,11,78,14.1
2004,MS,PSDB,6,78,7.69
2004,MS,PT,18,78,23.08
2004,MS,PTB,9,78,11.54
2004,MS,PV,1,78,1.28
2004,MT,CIDADANIA*,44,141,31.21
2004,MT,DEM*,21,141,14.89
2004,MT,MDB*,9,141,6.38
2004,MT,MOBILIZA*,1,141,0.71
2004,MT,PC DO B,1,141,0.71
2004,MT,PDT,2,141,1.42
2004,MT,PL*,12,141,8.51
2004,MT,PP*,23,141,16.31
2004,MT,PSB,1,141,0.71
2004,MT,PSDB,7,141,4.96
2004,MT,PT,7,141,4.96
2004,MT,PTB,12,141,8.51
2004,MT,PV,1,141,0.71
2004,PA,CIDADANIA*,3,143,2.1
2004,PA,DEM*,7,143,4.9
2004,PA,MDB*,23,143,16.08
2004,PA,MOBILIZA*,1,143,0.7
2004,PA,PDT,5,143,3.5
2004,PA,PL*,9,143,6.29
2004,PA,PP*,6,143,4.2
2004,PA,PRP,3,143,2.1
2004,PA,PSB,2,143,1.4
2004,PA,PSDB,47,143,32.87
2004,PA,PT,17,143,11.89
2004,PA,PTB,19,143,13.29
2004,PA,PV,1,143,0.7
2004,PB,CIDADANIA*,4,223,1.79
2004,PB,DEM*,42,223,18.83
2004,PB,MDB*,47,223,21.08
2004,PB,MOBILIZA*,1,223,0.45
2004,PB,PDT,9,223,4.04
2004,PB,PHS*,1,223,0.45
2004,PB,PL*,22,223,9.87
2004,PB,PP*,9,223,4.04
2004,PB,PRP,1,223,0.45
2004,PB,PSB,6,223,2.69
2004,PB,PSDB,43,223,19.28
2004,PB,PSL,3,223,1.35
2004,PB,PT,4,223,1.79
2004,PB,PTB,28,223,12.56
2004,PB,PTN,1,223,0.45
2004,PB,PV,2,223,0.9
2004,PE,CIDADANIA*,12,184,6.52
2004,PE,DC*,4,184,2.17
2004,PE,DEM*,43,184,23.37
2004,PE,MDB*,41,184,22.28
2004,PE,PC DO B,3,184,1.63
2004,PE,PDT,7,184,3.8
2004,PE,PHS*,1,184,0.54
2004,PE,PL*,5,184,2.72
2004,PE,PP*,6,184,3.26
2004,PE,PRONA,1,184,0.54
2004,PE,PSB,12,184,6.52
2004,PE,PSC,1,184,0.54
2004,PE,PSDB,25,184,13.59
2004,PE,PSL,1,184,0.54
2004,PE,PT,8,184,4.35
2004,PE,PTB,13,184,7.07
2004,PE,PV,1,184,0.54
2004,PI,AGIR*,1,223,0.45
2004,PI,CIDADANIA*,17,223,7.62
2004,PI,DEM*,58,223,26.01
2004,PI,MDB*,44,223,19.73
2004,PI,MOBILIZA*,3,223,1.35
2004,PI,PC DO B,3,223,1.35
2004,PI,PDT,8,223,3.59
2004,PI,PL*,11,223,4.93
2004,PI,PP*,15,223,6.73
2004,PI,PSB,2,223,0.9
2004,PI,PSDB,34,223,15.25
2004,PI,PT,7,223,3.14
2004,PI,PTB,20,223,8.97
2004,PR,AGIR*,1,399,0.25
2004,PR,AVANTE*,1,399,0.25
2004,PR,CIDADANIA*,35,399,8.77
2004,PR,DC*,1,399,0.25
2004,PR,DEM*,25,399,6.27
2004,PR,MDB*,120,399,30.08
2004,PR,PDT,44,399,11.03
2004,PR,PHS*,1,399,0.25
2004,PR,PL*,10,399,2.51
2004,PR,PP*,37,399,9.27
2004,PR,PRP,4,399,1.0
2004,PR,PSB,7,399,1.75
2004,PR,PSC,1,399,0.25
2004,PR,PSDB,51,399,12.78
2004,PR,PSL,8,399,2.01
2004,PR,PT,29,399,7.27
2004,PR,PTB,24,399,6.02
2004,RJ,CIDADANIA*,1,91,1.1
2004,RJ,DEM*,7,91,7.69
2004,RJ,MDB*,41,91,45.05
2004,RJ,MOBILIZA*,1,91,1.1
2004,RJ,PDT,4,91,4.4
2004,RJ,PL*,3,91,3.3
2004,RJ,PP*,9,91,9.89
2004,RJ,PSB,2,91,2.2
2004,RJ,PSC,5,91,5.49
2004,RJ,PSDB,3,91,3.3
2004,RJ,PT,9,91,9.89
2004,RJ,PTB,2,91,2.2
2004,RJ,PV,4,91,4.4
2004,RN,CIDADANIA*,7,167,4.19
2004,RN,DEM*,31,167,18.56
2004,RN,MDB*,34,167,20.36
2004,RN,PDT,5,167,2.99
2004,RN,PHS*,1,167,0.6
2004,RN,PL*,12,167,7.19
2004,RN,PP*,7,167,4.19
2004,RN,PSB,48,167,28.74
2004,RN,PSDB,4,167,2.4
2004,RN,PT,2,167,1.2
2004,RN,PTB,16,167,9.58
2004,RO,CIDADANIA*,1,52,1.92
2004,RO,DC*,1,52,1.92
2004,RO,DEM*,4,52,7.69
2004,RO,MDB*,9,52,17.31
2004,RO,MOBILIZA*,1,52,1.92
2004,RO,PDT,4,52,7.69
2004,RO,PL*,1,52,1.92
2004,RO,PSB,1,52,1.92
2004,RO,PSDB,10,52,19.23
2004,RO,PT,7,52,13.46
2004,RO,PTB,12,52,23.08
2004,RO,PV,1,52,1.92
2004,RR,CIDADANIA*,2,15,13.33
2004,RR,DEM*,1,15,6.67
2004,RR,MDB*,2,15,13.33
2004,RR,PDT,1,15,6.67
2004,RR,PL*,2,15,13.33
2004,RR,PP*,1,15,6.67
2004,RR,PRONA,1,15,6.67
2004,RR,PSB,2,15,13.33
2004,RR,PSC,1,15,6.67
2004,RR,PT,2,15,13.33
2004,RS,CIDADANIA*,5,496,1.01
2004,RS,DEM*,18,496,3.63
2004,RS,MDB*,137,496,27.62
2004,RS,PDT,98,496,19.76
2004,RS,PHS*,2,496,0.4
2004,RS,PL*,3,496,0.6
2004,RS,PP*,134,496,27.02
2004,RS,PSB,9,496,1.81
2004,RS,PSDB,17,496,3.43
2004,RS,PT,43,496,8.67
2004,RS,PTB,30,496,6.05
2004,SC,CIDADANIA*,5,293,1.71
2004,SC,DEM*,43,293,14.68
2004,SC,MDB*,116,293,39.59
2004,SC,PDT,4,293,1.37
2004,SC,PL*,3,293,1.02
2004,SC,PP*,70,293,23.89
2004,SC,PSDB,27,293,9.22
2004,SC,PT,23,293,7.85
2004,SC,PTB,2,293,0.68
2004,SE,AVANTE*,3,74,4.05
2004,SE,CIDADANIA*,5,74,6.76
2004,SE,DEM*,26,74,35.14
2004,SE,MDB*,6,74,8.11
2004,SE,PDT,5,74,6.76
2004,SE,PL*,7,74,9.46
2004,SE,PP*,2,74,2.7
2004,SE,PSB,3,74,4.05
2004,SE,PSDB,5,74,6.76
2004,SE,PT,4,74,5.41
2004,SE,PTB,8,74,10.81
2004,SP,CIDADANIA*,37,645,5.74
2004,SP,DC*,1,645,0.16
2004,SP,DEM*,74,645,11.47
2004,SP,MDB*,89,645,13.8
2004,SP,MOBILIZA*,1,645,0.16
2004,SP,PAN,1,645,0.16
2004,SP,PC DO B,1,645,0.16
2004,SP,PDT,23,645,3.57
2004,SP,PHS*,4,645,0.62
2004,SP,PL*,35,645,5.43
2004,SP,PP*,28,645,4.34
2004,SP,PRP,1,645,0.16
2004,SP,PSB,16,645,2.48
2004,SP,PSC,1,645,0.16
2004,SP,PSDB,194,645,30.08
2004,SP,PSL,3,645,0.47
2004,SP,PT,56,645,8.68
2004,SP,PTB,64,645,9.92
2004,SP,PV,16,645,2.48
2004,TO,CIDADANIA*,5,139,3.6
2004,TO,DEM*,24,139,17.27
2004,TO,MDB*,19,139,13.67
2004,TO,PDT,1,139,0.72
2004,TO,PL*,22,139,15.83
2004,TO,PP*,10,139,7.19
2004,TO,PRTB*,3,139,2.16
2004,TO,PSB,1,139,0.72
2004,TO,PSC,3,139,2.16
2004,TO,PSDB,23,139,16.55
2004,TO,PSL,1,139,0.72
2004,TO,PT,16,139,11.51
2004,TO,PTB,11,139,7.91
2008,AC,MDB*,4,22,18.18
2008,AC,PL*,1,22,4.55
2008,AC,PP*,3,22,13.64
2008,AC,PSB,1,22,4.55
2008,AC,PSDB,2,22,9.09
2008,AC,PT,11,22,50.0
2008,AL,AVANTE*,2,101,1.98
2008,AL,CIDADANIA*,1,101,0.99
2008,AL,DEM*,1,101,0.99
2008,AL,MDB*,19,101,18.81
2008,AL,MOBILIZA*,7,101,6.93
2008,AL,PC DO B,2,101,1.98
2008,AL,PDT,4,101,3.96
2008,AL,PL*,2,101,1.98
2008,AL,PP*,20,101,19.8
2008,AL,PSB,5,101,4.95
2008,AL,PSC,6,101,5.94
2008,AL,PSDB,13,101,12.87
2008,AL,PT,1,101,0.99
2008,AL,PTB,17,101,16.83
2008,AL,REPUBLICANOS*,1,101,0.99
2008,AM,CIDADANIA*,3,61,4.92
2008,AM,DC*,1,61,1.64
2008,AM,DEM*,2,61,3.28
2008,AM,MDB*,25,61,40.98
2008,AM,MOBILIZA*,3,61,4.92
2008,AM,PHS*,1,61,1.64
2008,AM,PL*,9,61,14.75
2008,AM,PP*,3,61,4.92
2008,AM,PSB,1,61,1.64
2008,AM,PSC,2,61,3.28
2008,AM,PSDB,3,61,4.92
2008,AM,PT,6,61,9.84
2008,AM,PTB,2,61,3.28
2008,AP,DEM*,1,16,6.25
2008,AP,MDB*,3,16,18.75
2008,AP,PDT,4,16,25.0
2008,AP,PP*,2,16,12.5
2008,AP,PSDB,2,16,12.5
2008,AP,PT,3,16,18.75
2008,AP,PV,1,16,6.25
2008,BA,AGIR*,3,417,0.72
2008,BA,AVANTE*,2,417,0.48
2008,BA,DEM*,44,417,10.55
2008,BA,MDB*,114,417,27.34
2008,BA,MOBILIZA*,3,417,0.72
2008,BA,PC DO B,18,417,4.32
2008,BA,PDT,8,417,1.92
2008,BA,PHS*,4,417,0.96
2008,BA,PL*,41,417,9.83
2008,BA,PP*,37,417,8.87
2008,BA,PRP,5,417,1.2
2008,BA,PRTB*,2,417,0.48
2008,BA,PSB,18,417,4.32
2008,BA,PSC,5,417,1.2
2008,BA,PSDB,26,417,6.24
2008,BA,PSL,1,417,0.24
2008,BA,PT,66,417,15.83
2008,BA,PTB,14,417,3.36
2008,BA,PV,4,417,0.96
2008,BA,REPUBLICANOS*,2,417,0.48
2008,CE,CIDADANIA*,2,184,1.09
2008,CE,DEM*,2,184,1.09
2008,CE,MDB*,33,184,17.93
2008,CE,PC DO B,5,184,2.72
2008,CE,PDT,2,184,1.09
2008,CE,PHS*,1,184,0.54
2008,CE,PL*,9,184,4.89
2008,CE,PP*,8,184,4.35
2008,CE,PRP,2,184,1.09
2008,CE,PSB,24,184,13.04
2008,CE,PSC,1,184,0.54
2008,CE,PSDB,53,184,28.8
2008,CE,PSL,1,184,0.54
2008,CE,PT,15,184,8.15
2008,CE,PTB,7,184,3.8
2008,CE,PV,2,184,1.09
2008,CE,REPUBLICANOS*,17,184,9.24
2008,ES,CIDADANIA*,2,78,2.56
2008,ES,DC*,1,78,1.28
2008,ES,DEM*,6,78,7.69
2008,ES,MDB*,21,78,26.92
2008,ES,MOBILIZA*,2,78,2.56
2008,ES,PDT,3,78,3.85
2008,ES,PL*,2,78,2.56
2008,ES,PP*,3,78,3.85
2008,ES,PRP,1,78,1.28
2008,ES,PSB,13,78,16.67
2008,ES,PSC,1,78,1.28
2008,ES,PSDB,13,78,16.67
2008,ES,PT,6,78,7.69
2008,ES,PTB,2,78,2.56
2008,ES,PV,1,78,1.28
2008,ES,REPUBLICANOS*,1,78,1.28
2008,GO,AVANTE*,2,245,0.82
2008,GO,CIDADANIA*,2,245,0.82
2008,GO,DEM*,14,245,5.71
2008,GO,MDB*,59,245,24.08
2008,GO,PDT,1,245,0.41
2008,GO,PL*,28,245,11.43
2008,GO,PP*,48,245,19.59
2008,GO,PRP,1,245,0.41
2008,GO,PRTB*,1,245,0.41
2008,GO,PSB,4,245,1.63
2008,GO,PSC,5,245,2.04
2008,GO,PSDB,53,245,21.63
2008,GO,PT,13,245,5.31
2008,GO,PTB,8,245,3.27
2008,GO,PTN,3,245,1.22
2008,GO,PV,1,245,0.41
2008,GO,REPUBLICANOS*,2,245,0.82
2008,MA,AGIR*,1,217,0.46
2008,MA,CIDADANIA*,4,217,1.84
2008,MA,DC*,1,217,0.46
2008,MA,DEM*,19,217,8.76
2008,MA,MDB*,16,217,7.37
2008,MA,MOBILIZA*,3,217,1.38
2008,MA,PC DO B,1,217,0.46
2008,MA,PDT,63,217,29.03
2008,MA,PL*,9,217,4.15
2008,MA,PP*,10,217,4.61
2008,MA,PRP,2,217,0.92
2008,MA,PRTB*,4,217,1.84
2008,MA,PSB,9,217,4.15
2008,MA,PSC,2,217,0.92
2008,MA,PSDB,25,217,11.52
2008,MA,PSL,1,217,0.46
2008,MA,PT,9,217,4.15
2008,MA,PTB,9,217,4.15
2008,MA,PV,20,217,9.22
2008,MA,REPUBLICANOS*,9,217,4.15
2008,MG,AGIR*,9,853,1.06
2008,MG,CIDADANIA*,35,853,4.1
2008,MG,DC*,3,853,0.35
2008,MG,DEM*,95,853,11.14
2008,MG,MDB*,121,853,14.19
2008,MG,MOBILIZA*,8,853,0.94
2008,MG,PC DO B,2,853,0.23
2008,MG,PDT,51,853,5.98
2008,MG,PHS*,1,853,0.12
2008,MG,PL*,75,853,8.79
2008,MG,PP*,56,853,6.57
2008,MG,PRTB*,1,853,0.12
2008,MG,PSB,12,853,1.41
2008,MG,PSC,12,853,1.41
2008,MG,PSDB,159,853,18.64
2008,MG,PSL,7,853,0.82
2008,MG,PT,109,853,12.78
2008,MG,PTB,67,853,7.85
2008,MG,PTN,7,853,0.82
2008,MG,PV,14,853,1.64
2008,MG,REPUBLICANOS*,9,853,1.06
2008,MS,CIDADANIA*,2,78,2.56
2008,MS,DEM*,4,78,5.13
2008,MS,MDB*,28,78,35.9
2008,MS,PDT,10,78,12.82
2008,MS,PL*,8,78,10.26
2008,MS,PSB,2,78,2.56
2008,MS,PSDB,11,78,14.1
2008,MS,PT,10,78,12.82
2008,MS,PTB,3,78,3.85
2008,MT,CIDADANIA*,8,140,5.71
2008,MT,DEM*,24,140,17.14
2008,MT,MDB*,21,140,15.0
2008,MT,MOBILIZA*,1,140,0.71
2008,MT,PDT,4,140,2.86
2008,MT,PL*,32,140,22.86
2008,MT,PP*,21,140,15.0
2008,MT,PSB,3,140,2.14
2008,MT,PSDB,6,140,4.29
2008,MT,PT,17,140,12.14
2008,MT,PTB,2,140,1.43
2008,MT,PV,1,140,0.71
2008,PA,AVANTE*,1,143,0.7
2008,PA,CIDADANIA*,3,143,2.1
2008,PA,DEM*,6,143,4.2
2008,PA,MDB*,38,143,26.57
2008,PA,PDT,9,143,6.29
2008,PA,PL*,16,143,11.19
2008,PA,PP*,6,143,4.2
2008,PA,PRP,2,143,1.4
2008,PA,PSB,4,143,2.8
2008,PA,PSC,1,143,0.7
2008,PA,PSDB,12,143,8.39
2008,PA,PSL,1,143,0.7
2008,PA,PT,29,143,20.28
2008,PA,PTB,13,143,9.09
2008,PA,PV,1,143,0.7
2008,PA,REPUBLICANOS*,1,143,0.7
2008,PB,CIDADANIA*,1,223,0.45
2008,PB,DEM*,38,223,17.04
2008,PB,MDB*,58,223,26.01
2008,PB,MOBILIZA*,1,223,0.45
2008,PB,PC DO B,1,223,0.45
2008,PB,PDT,6,223,2.69
2008,PB,PHS*,2,223,0.9
2008,PB,PL*,16,223,7.17
2008,PB,PP*,11,223,4.93
2008,PB,PRP,2,223,0.9
2008,PB,PSB,12,223,5.38
2008,PB,PSC,1,223,0.45
2008,PB,PSDB,41,223,18.39
2008,PB,PSL,1,223,0.45
2008,PB,PT,6,223,2.69
2008,PB,PTB,23,223,10.31
2008,PB,PTN,1,223,0.45
2008,PB,REPUBLICANOS*,2,223,0.9
2008,PE,CIDADANIA*,1,184,0.54
2008,PE,DEM*,19,184,10.33
2008,PE,MDB*,10,184,5.43
2008,PE,MOBILIZA*,1,184,0.54
2008,PE,PC DO B,4,184,2.17
2008,PE,PDT,9,184,4.89
2008,PE,PL*,29,184,15.76
2008,PE,PP*,4,184,2.17
2008,PE,PSB,49,184,26.63
2008,PE,PSDB,17,184,9.24
2008,PE,PT,8,184,4.35
2008,PE,PTB,31,184,16.85
2008,PE,REPUBLICANOS*,2,184,1.09
2008,PI,AVANTE*,1,224,0.45
2008,PI,CIDADANIA*,7,224,3.12
2008,PI,DEM*,11,224,4.91
2008,PI,MDB*,39,224,17.41
2008,PI,MOBILIZA*,2,224,0.89
2008,PI,PC DO B,3,224,1.34
2008,PI,PDT,11,224,4.91
2008,PI,PL*,2,224,0.89
2008,PI,PP*,8,224,3.57
2008,PI,PSB,38,224,16.96
2008,PI,PSDB,14,224,6.25
2008,PI,PT,17,224,7.59
2008,PI,PTB,69,224,30.8
2008,PI,REPUBLICANOS*,2,224,0.89
2008,PR,CIDADANIA*,17,398,4.27
2008,PR,DEM*,21,398,5.28
2008,PR,MDB*,131,398,32.91
2008,PR,MOBILIZA*,3,398,0.75
2008,PR,PC DO B,1,398,0.25
2008,PR,PDT,39,398,9.8
2008,PR,PL*,22,398,5.53
2008,PR,PP*,42,398,10.55
2008,PR,PRP,1,398,0.25
2008,PR,PRTB*,2,398,0.5
2008,PR,PSB,12,398,3.02
2008,PR,PSC,4,398,1.01
2008,PR,PSDB,42,398,10.55
2008,PR,PSL,2,398,0.5
2008,PR,PT,32,398,8.04
2008,PR,PTB,24,398,6.03
2008,PR,PV,3,398,0.75
2008,RJ,AGIR*,1,91,1.1
2008,RJ,DEM*,5,91,5.49
2008,RJ,MDB*,35,91,38.46
2008,RJ,PDT,5,91,5.49
2008,RJ,PL*,3,91,3.3
2008,RJ,PP*,14,91,15.38
2008,RJ,PSB,3,91,3.3
2008,RJ,PSC,4,91,4.4
2008,RJ,PSDB,8,91,8.79
2008,RJ,PT,10,91,10.99
2008,RJ,PTB,1,91,1.1
2008,RJ,REPUBLICANOS*,2,91,2.2
2008,RN,CIDADANIA*,3,167,1.8
2008,RN,DEM*,17,167,10.18
2008,RN,MDB*,37,167,22.16
2008,RN,MOBILIZA*,6,167,3.59
2008,RN,PDT,7,167,4.19
2008,RN,PHS*,1,167,0.6
2008,RN,PL*,17,167,10.18
2008,RN,PP*,19,167,11.38
2008,RN,PSB,44,167,26.35
2008,RN,PSDB,4,167,2.4
2008,RN,PT,4,167,2.4
2008,RN,PTB,7,167,4.19
2008,RN,PV,1,167,0.6
2008,RO,CIDADANIA*,1,52,1.92
2008,RO,DC*,2,52,3.85
2008,RO,DEM*,4,52,7.69
2008,RO,MDB*,12,52,23.08
2008,RO,PDT,2,52,3.85
2008,RO,PL*,7,52,13.46
2008,RO,PP*,2,52,3.85
2008,RO,PRTB*,1,52,1.92
2008,RO,PSB,3,52,5.77
2008,RO,PSDB,2,52,3.85
2008,RO,PT,4,52,7.69
2008,RO,PTB,4,52,7.69
2008,RO,PTN,5,52,9.62
2008,RO,PV,3,52,5.77
2008,RR,MDB*,1,15,6.67
2008,RR,PC DO B,1,15,6.67
2008,RR,PL*,2,15,13.33
2008,RR,PSB,1,15,6.67
2008,RR,PSDB,7,15,46.67
2008,RR,PT,1,15,6.67
2008,RR,PTB,1,15,6.67
2008,RR,PV,1,15,6.67
2008,RS,CIDADANIA*,4,496,0.81
2008,RS,DEM*,12,496,2.42
2008,RS,MDB*,141,496,28.43
2008,RS,PDT,66,496,13.31
2008,RS,PHS*,1,496,0.2
2008,RS,PP*,148,496,29.84
2008,RS,PSB,12,496,2.42
2008,RS,PSDB,20,496,4.03
2008,RS,PT,61,496,12.3
2008,RS,PTB,31,496,6.25
2008,SC,CIDADANIA*,5,293,1.71
2008,SC,DEM*,43,293,14.68
2008,SC,MDB*,111,293,37.88
2008,SC,PDT,2,293,0.68
2008,SC,PL*,2,293,0.68
2008,SC,PP*,56,293,19.11
2008,SC,PSB,1,293,0.34
2008,SC,PSDB,35,293,11.95
2008,SC,PT,35,293,11.95
2008,SC,PTB,3,293,1.02
2008,SE,AVANTE*,1,75,1.33
2008,SE,CIDADANIA*,1,75,1.33
2008,SE,DEM*,6,75,8.0
2008,SE,MDB*,13,75,17.33
2008,SE,PC DO B,2,75,2.67
2008,SE,PDT,13,75,17.33
2008,SE,PL*,5,75,6.67
2008,SE,PP*,1,75,1.33
2008,SE,PSB,11,75,14.67
2008,SE,PSC,8,75,10.67
2008,SE,PSDB,2,75,2.67
2008,SE,PT,7,75,9.33
2008,SE,PTB,5,75,6.67
2008,SP,CIDADANIA*,30,645,4.65
2008,SP,DEM*,74,645,11.47
2008,SP,MDB*,70,645,10.85
2008,SP,MOBILIZA*,3,645,0.47
2008,SP,PDT,28,645,4.34
2008,SP,PHS*,2,645,0.31
2008,SP,PL*,25,645,3.88
2008,SP,PP*,25,645,3.88
2008,SP,PRP,1,645,0.16
2008,SP,PSB,26,645,4.03
2008,SP,PSC,6,645,0.93
2008,SP,PSDB,204,645,31.63
2008,SP,PSL,1,645,0.16
2008,SP,PT,64,645,9.92
2008,SP,PTB,61,645,9.46
2008,SP,PV,23,645,3.57
2008,SP,REPUBLICANOS*,2,645,0.31
2008,TO,CIDADANIA*,2,139,1.44
2008,TO,DEM*,26,139,18.71
2008,TO,MDB*,38,139,27.34
2008,TO,PDT,5,139,3.6
2008,TO,PL*,23,139,16.55
2008,TO,PP*,6,139,4.32
2008,TO,PSB,4,139,2.88
2008,TO,PSDB,16,139,11.51
2008,TO,PT,12,139,8.63
2008,TO,PTB,6,139,4.32
2008,TO,PV,1,139,0.72
2012,AC,DEM*,2,22,9.09
2012,AC,MDB*,4,22,18.18
2012,AC,PC DO B,2,22,9.09
2012,AC,PL*,1,22,4.55
2012,AC,PSB,1,22,4.55
2012,AC,PSDB,6,22,27.27
2012,AC,PT,6,22,27.27
2012,AL,AVANTE*,3,102,2.94
2012,AL,CIDADANIA*,2,102,1.96
2012,AL,DEM*,2,102,1.96
2012,AL,MDB*,25,102,24.51
2012,AL,MOBILIZA*,1,102,0.98
2012,AL,PDT,5,102,4.9
2012,AL,PP*,15,102,14.71
2012,AL,PPL,1,102,0.98
2012,AL,PRP,1,102,0.98
2012,AL,PSB,5,102,4.9
2012,AL,PSC,3,102,2.94
2012,AL,PSD,8,102,7.84
2012,AL,PSDB,19,102,18.63
2012,AL,PT,2,102,1.96
2012,AL,PTB,8,102,7.84
2012,AL,PV,1,102,0.98
2012,AL,REPUBLICANOS*,1,102,0.98
2012,AM,DEM*,1,62,1.61
2012,AM,MDB*,17,62,27.42
2012,AM,PC DO B,2,62,3.23
2012,AM,PDT,4,62,6.45
2012,AM,PL*,2,62,3.23
2012,AM,PP*,1,62,1.61
2012,AM,PRP,2,62,3.23
2012,AM,PRTB*,1,62,1.61
2012,AM,PSB,1,62,1.61
2012,AM,PSD,24,62,38.71
2012,AM,PSDB,1,62,1.61
2012,AM,PT,4,62,6.45
2012,AM,PTB,1,62,1.61
2012,AM,PV,1,62,1.61
2012,AP,AVANTE*,1,16,6.25
2012,AP,MDB*,2,16,12.5
2012,AP,PC DO B,1,16,6.25
2012,AP,PL*,1,16,6.25
2012,AP,PP*,1,16,6.25
2012,AP,PSB,3,16,18.75
2012,AP,PSL,1,16,6.25
2012,AP,PSOL,1,16,6.25
2012,AP,PT,3,16,18.75
2012,AP,PTB,1,16,6.25
2012,AP,REPUBLICANOS*,1,16,6.25
2012,BA,AGIR*,1,417,0.24
2012,BA,AVANTE*,1,417,0.24
2012,BA,CIDADANIA*,3,417,0.72
2012,BA,DEM*,9,417,2.16
2012,BA,MDB*,44,417,10.55
2012,BA,MOBILIZA*,1,417,0.24
2012,BA,PC DO B,13,417,3.12
2012,BA,PDT,42,417,10.07
2012,BA,PL*,16,417,3.84
2012,BA,PP*,53,417,12.71
2012,BA,PRP,4,417,0.96
2012,BA,PRTB*,1,417,0.24
2012,BA,PSB,28,417,6.71
2012,BA,PSC,6,417,1.44
2012,BA,PSD,70,417,16.79
2012,BA,PSDB,9,417,2.16
2012,BA,PSL,2,417,0.48
2012,BA,PT,92,417,22.06
2012,BA,PTB,5,417,1.2
2012,BA,PTN,6,417,1.44
2012,BA,PV,8,417,1.92
2012,BA,REPUBLICANOS*,3,417,0.72
2012,CE,DC*,1,184,0.54
2012,CE,DEM*,2,184,1.09
2012,CE,MDB*,22,184,11.96
2012,CE,PC DO B,7,184,3.8
2012,CE,PDT,9,184,4.89
2012,CE,PHS*,2,184,1.09
2012,CE,PL*,6,184,3.26
2012,CE,PP*,4,184,2.17
2012,CE,PPL,3,184,1.63
2012,CE,PSB,39,184,21.2
2012,CE,PSC,1,184,0.54
2012,CE,PSD,28,184,15.22
2012,CE,PSDB,13,184,7.07
2012,CE,PSL,2,184,1.09
2012,CE,PT,27,184,14.67
2012,CE,PTB,2,184,1.09
2012,CE,PV,1,184,0.54
2012,CE,REPUBLICANOS*,15,184,8.15
2012,ES,CIDADANIA*,2,78,2.56
2012,ES,DEM*,4,78,5.13
2012,ES,MDB*,14,78,17.95
2012,ES,MOBILIZA*,3,78,3.85
2012,ES,PC DO B,1,78,1.28
2012,ES,PDT,8,78,10.26
2012,ES,PP*,4,78,5.13
2012,ES,PRP,3,78,3.85
2012,ES,PSB,21,78,26.92
2012,ES,PSD,1,78,1.28
2012,ES,PSDB,6,78,7.69
2012,ES,PT,6,78,7.69
2012,ES,PTB,3,78,3.85
2012,ES,PV,2,78,2.56
2012,GO,AGIR*,4,246,1.63
2012,GO,AVANTE*,2,246,0.81
2012,GO,CIDADANIA*,2,246,0.81
2012,GO,DEM*,17,246,6.91
2012,GO,MDB*,57,246,23.17
2012,GO,PDT,10,246,4.07
2012,GO,PHS*,1,246,0.41
2012,GO,PL*,7,246,2.85
2012,GO,PP*,18,246,7.32
2012,GO,PPL,1,246,0.41
2012,GO,PRP,2,246,0.81
2012,GO,PRTB*,1,246,0.41
2012,GO,PSB,10,246,4.07
2012,GO,PSC,4,246,1.63
2012,GO,PSD,20,246,8.13
2012,GO,PSDB,53,246,21.54
2012,GO,PSL,1,246,0.41
2012,GO,PT,16,246,6.5
2012,GO,PTB,18,246,7.32
2012,GO,PTN,1,246,0.41
2012,GO,REPUBLICANOS*,1,246,0.41
2012,MA,AGIR*,2,217,0.92
2012,MA,AVANTE*,6,217,2.76
2012,MA,CIDADANIA*,6,217,2.76
2012,MA,DEM*,11,217,5.07
2012,MA,MDB*,47,217,21.66
2012,MA,MOBILIZA*,3,217,1.38
2012,MA,PC DO B,5,217,2.3
2012,MA,PDT,8,217,3.69
2012,MA,PHS*,1,217,0.46
2012,MA,PL*,16,217,7.37
2012,MA,PP*,6,217,2.76
2012,MA,PRP,1,217,0.46
2012,MA,PRTB*,4,217,1.84
2012,MA,PSB,15,217,6.91
2012,MA,PSC,1,217,0.46
2012,MA,PSD,10,217,4.61
2012,MA,PSDB,8,217,3.69
2012,MA,PT,10,217,4.61
2012,MA,PTB,12,217,5.53
2012,MA,PV,21,217,9.68
2012,MA,REPUBLICANOS*,24,217,11.06
2012,MG,AGIR*,9,853,1.06
2012,MG,AVANTE*,3,853,0.35
2012,MG,CIDADANIA*,27,853,3.17
2012,MG,DC*,3,853,0.35
2012,MG,DEM*,64,853,7.5
2012,MG,MDB*,122,853,14.3
2012,MG,MOBILIZA*,14,853,1.64
2012,MG,PC DO B,6,853,0.7
2012,MG,PDT,40,853,4.69
2012,MG,PHS*,6,853,0.7
2012,MG,PL*,61,853,7.15
2012,MG,PP*,73,853,8.56
2012,MG,PPL,3,853,0.35
2012,MG,PRP,2,853,0.23
2012,MG,PRTB*,4,853,0.47
2012,MG,PSB,32,853,3.75
2012,MG,PSC,13,853,1.52
2012,MG,PSD,29,853,3.4
2012,MG,PSDB,136,853,15.94
2012,MG,PSL,8,853,0.94
2012,MG,PT,113,853,13.25
2012,MG,PTB,51,853,5.98
2012,MG,PTN,1,853,0.12
2012,MG,PV,18,853,2.11
2012,MG,REPUBLICANOS*,15,853,1.76
2012,MS,AVANTE*,2,79,2.53
2012,MS,CIDADANIA*,2,79,2.53
2012,MS,DEM*,6,79,7.59
2012,MS,MDB*,23,79,29.11
2012,MS,MOBILIZA*,1,79,1.27
2012,MS,PDT,4,79,5.06
2012,MS,PL*,7,79,8.86
2012,MS,PP*,1,79,1.27
2012,MS,PRP,1,79,1.27
2012,MS,PSB,4,79,5.06
2012,MS,PSD,1,79,1.27
2012,MS,PSDB,12,79,15.19
2012,MS,PT,13,79,16.46
2012,MS,PTB,1,79,1.27
2012,MS,PV,1,79,1.27
2012,MT,CIDADANIA*,6,141,4.26
2012,MT,DEM*,11,141,7.8
2012,MT,MDB*,29,141,20.57
2012,MT,PDT,7,141,4.96
2012,MT,PL*,14,141,9.93
2012,MT,PP*,6,141,4.26
2012,MT,PRP,1,141,0.71
2012,MT,PSB,11,141,7.8
2012,MT,PSC,1,141,0.71
2012,MT,PSD,39,141,27.66
2012,MT,PSDB,3,141,2.13
2012,MT,PT,10,141,7.09
2012,MT,PTB,2,141,1.42
2012,MT,REPUBLICANOS*,1,141,0.71
2012,PA,CIDADANIA*,6,144,4.17
2012,PA,DEM*,4,144,2.78
2012,PA,MDB*,28,144,19.44
2012,PA,MOBILIZA*,1,144,0.69
2012,PA,PDT,2,144,1.39
2012,PA,PHS*,1,144,0.69
2012,PA,PL*,13,144,9.03
2012,PA,PP*,5,144,3.47
2012,PA,PRP,1,144,0.69
2012,PA,PSB,6,144,4.17
2012,PA,PSC,5,144,3.47
2012,PA,PSD,11,144,7.64
2012,PA,PSDB,32,144,22.22
2012,PA,PT,24,144,16.67
2012,PA,PTB,4,144,2.78
2012,PA,PV,1,144,0.69
2012,PB,AVANTE*,4,223,1.79
2012,PB,CIDADANIA*,3,223,1.35
2012,PB,DC*,1,223,0.45
2012,PB,DEM*,23,223,10.31
2012,PB,MDB*,57,223,25.56
2012,PB,MOBILIZA*,2,223,0.9
2012,PB,PDT,3,223,1.35
2012,PB,PHS*,1,223,0.45
2012,PB,PL*,12,223,5.38
2012,PB,PP*,4,223,1.79
2012,PB,PRP,1,223,0.45
2012,PB,PSB,34,223,15.25
2012,PB,PSC,10,223,4.48
2012,PB,PSD,16,223,7.17
2012,PB,PSDB,30,223,13.45
2012,PB,PSL,2,223,0.9
2012,PB,PT,5,223,2.24
2012,PB,PTB,12,223,5.38
2012,PB,PTN,1,223,0.45
2012,PB,REPUBLICANOS*,2,223,0.9
2012,PE,AGIR*,1,184,0.54
2012,PE,DEM*,1,184,0.54
2012,PE,MDB*,7,184,3.8
2012,PE,PC DO B,3,184,1.63
2012,PE,PDT,11,184,5.98
2012,PE,PL*,17,184,9.24
2012,PE,PP*,5,184,2.72
2012,PE,PRTB*,1,184,0.54
2012,PE,PSB,57,184,30.98
2012,PE,PSD,21,184,11.41
2012,PE,PSDB,20,184,10.87
2012,PE,PSL,1,184,0.54
2012,PE,PT,13,184,7.07
2012,PE,PTB,25,184,13.59
2012,PE,REPUBLICANOS*,1,184,0.54
2012,PI,AGIR*,1,224,0.45
2012,PI,CIDADANIA*,6,224,2.68
2012,PI,DC*,3,224,1.34
2012,PI,DEM*,4,224,1.79
2012,PI,MDB*,25,224,11.16
2012,PI,PC DO B,5,224,2.23
2012,PI,PDT,8,224,3.57
2012,PI,PL*,4,224,1.79
2012,PI,PP*,9,224,4.02
2012,PI,PRP,1,224,0.45
2012,PI,PSB,53,224,23.66
2012,PI,PSD,21,224,9.38
2012,PI,PSDB,17,224,7.59
2012,PI,PT,21,224,9.38
2012,PI,PTB,41,224,18.3
2012,PI,PV,1,224,0.45
2012,PI,REPUBLICANOS*,4,224,1.79
2012,PR,AGIR*,1,399,0.25
2012,PR,AVANTE*,1,399,0.25
2012,PR,CIDADANIA*,21,399,5.26
2012,PR,DEM*,23,399,5.76
2012,PR,MDB*,57,399,14.29
2012,PR,MOBILIZA*,3,399,0.75
2012,PR,PDT,36,399,9.02
2012,PR,PHS*,2,399,0.5
2012,PR,PL*,19,399,4.76
2012,PR,PP*,28,399,7.02
2012,PR,PPL,1,399,0.25
2012,PR,PRP,1,399,0.25
2012,PR,PRTB*,2,399,0.5
2012,PR,PSB,14,399,3.51
2012,PR,PSC,12,399,3.01
2012,PR,PSD,36,399,9.02
2012,PR,PSDB,76,399,19.05
2012,PR,PSL,2,399,0.5
2012,PR,PT,40,399,10.03
2012,PR,PTB,15,399,3.76
2012,PR,PV,9,399,2.26
2012,RJ,CIDADANIA*,1,92,1.09
2012,RJ,DC*,1,92,1.09
2012,RJ,DEM*,2,92,2.17
2012,RJ,MDB*,22,92,23.91
2012,RJ,MOBILIZA*,2,92,2.17
2012,RJ,PC DO B,3,92,3.26
2012,RJ,PDT,4,92,4.35
2012,RJ,PL*,7,92,7.61
2012,RJ,PP*,9,92,9.78
2012,RJ,PSB,8,92,8.7
2012,RJ,PSC,7,92,7.61
2012,RJ,PSD,5,92,5.43
2012,RJ,PSDB,2,92,2.17
2012,RJ,PSOL,1,92,1.09
2012,RJ,PT,12,92,13.04
2012,RJ,PTB,1,92,1.09
2012,RJ,PV,1,92,1.09
2012,RJ,REPUBLICANOS*,4,92,4.35
2012,RN,CIDADANIA*,2,167,1.2
2012,RN,DEM*,25,167,14.97
2012,RN,MDB*,49,167,29.34
2012,RN,MOBILIZA*,8,167,4.79
2012,RN,PC DO B,1,167,0.6
2012,RN,PDT,2,167,1.2
2012,RN,PL*,18,167,10.78
2012,RN,PP*,8,167,4.79
2012,RN,PSB,19,167,11.38
2012,RN,PSD,22,167,13.17
2012,RN,PSDB,3,167,1.8
2012,RN,PT,6,167,3.59
2012,RN,PTB,2,167,1.2
2012,RN,PV,2,167,1.2
2012,RO,MDB*,15,52,28.85
2012,RO,MOBILIZA*,2,52,3.85
2012,RO,PDT,1,52,1.92
2012,RO,PL*,1,52,1.92
2012,RO,PP*,9,52,17.31
2012,RO,PRTB*,1,52,1.92
2012,RO,PSB,2,52,3.85
2012,RO,PSD,2,52,3.85
2012,RO,PSDB,4,52,7.69
2012,RO,PT,6,52,11.54
2012,RO,PTB,5,52,9.62
2012,RO,PTN,1,52,1.92
2012,RO,PV,3,52,5.77
2012,RR,MDB*,2,15,13.33
2012,RR,PL*,3,15,20.0
2012,RR,PP*,2,15,13.33
2012,RR,PSC,1,15,6.67
2012,RR,PSDB,4,15,26.67
2012,RR,PSL,1,15,6.67
2012,RR,PT,2,15,13.33
2012,RS,CIDADANIA*,5,497,1.01
2012,RS,DEM*,10,497,2.01
2012,RS,MDB*,131,497,26.36
2012,RS,PDT,71,497,14.29
2012,RS,PHS*,1,497,0.2
2012,RS,PP*,134,497,26.96
2012,RS,PSB,18,497,3.62
2012,RS,PSC,1,497,0.2
2012,RS,PSD,3,497,0.6
2012,RS,PSDB,21,497,4.23
2012,RS,PT,73,497,14.69
2012,RS,PTB,28,497,5.63
2012,RS,PV,1,497,0.2
2012,SC,CIDADANIA*,2,295,0.68
2012,SC,DEM*,5,295,1.69
2012,SC,MDB*,105,295,35.59
2012,SC,PDT,7,295,2.37
2012,SC,PL*,1,295,0.34
2012,SC,PP*,46,295,15.59
2012,SC,PSB,2,295,0.68
2012,SC,PSC,1,295,0.34
2012,SC,PSD,53,295,17.97
2012,SC,PSDB,27,295,9.15
2012,SC,PT,46,295,15.59
2012,SE,AGIR*,1,75,1.33
2012,SE,AVANTE*,1,75,1.33
2012,SE,CIDADANIA*,1,75,1.33
2012,SE,DEM*,6,75,8.0
2012,SE,MDB*,8,75,10.67
2012,SE,PC DO B,1,75,1.33
2012,SE,PDT,5,75,6.67
2012,SE,PL*,5,75,6.67
2012,SE,PPL,1,75,1.33
2012,SE,PSB,9,75,12.0
2012,SE,PSC,10,75,13.33
2012,SE,PSD,12,75,16.0
2012,SE,PSDB,4,75,5.33
2012,SE,PSL,1,75,1.33
2012,SE,PT,8,75,10.67
2012,SE,REPUBLICANOS*,2,75,2.67
2012,SP,CIDADANIA*,25,645,3.88
2012,SP,DC*,1,645,0.16
2012,SP,DEM*,43,645,6.67
2012,SP,MDB*,83,645,12.87
2012,SP,MOBILIZA*,1,645,0.16
2012,SP,PC DO B,4,645,0.62
2012,SP,PDT,18,645,2.79
2012,SP,PHS*,1,645,0.16
2012,SP,PL*,28,645,4.34
2012,SP,PP*,28,645,4.34
2012,SP,PRP,1,645,0.16
2012,SP,PSB,29,645,4.5
2012,SP,PSC,5,645,0.78
2012,SP,PSD,35,645,5.43
2012,SP,PSDB,175,645,27.13
2012,SP,PSL,4,645,0.62
2012,SP,PT,74,645,11.47
2012,SP,PTB,53,645,8.22
2012,SP,PTN,1,645,0.16
2012,SP,PV,31,645,4.81
2012,SP,REPUBLICANOS*,5,645,0.78
2012,TO,AVANTE*,1,139,0.72
2012,TO,CIDADANIA*,2,139,1.44
2012,TO,DEM*,5,139,3.6
2012,TO,MDB*,24,139,17.27
2012,TO,PDT,1,139,0.72
2012,TO,PL*,14,139,10.07
2012,TO,PP*,6,139,4.32
2012,TO,PRP,1,139,0.72
2012,TO,PRTB*,1,139,0.72
2012,TO,PSB,15,139,10.79
2012,TO,PSC,1,139,0.72
2012,TO,PSD,31,139,22.3
2012,TO,PSDB,19,139,13.67
2012,TO,PT,10,139,7.19
2012,TO,PTB,6,139,4.32
2012,TO,PTN,2,139,1.44
2016,AC,MDB*,6,22,27.27
2016,AC,PC DO B,2,22,9.09
2016,AC,PP*,2,22,9.09
2016,AC,PROS,1,22,4.55
2016,AC,PRP,1,22,4.55
2016,AC,PSB,2,22,9.09
2016,AC,PSD,2,22,9.09
2016,AC,PSDB,2,22,9.09
2016,AC,PT,4,22,18.18
2016,AL,AVANTE*,1,102,0.98
2016,AL,DEM*,2,102,1.96
2016,AL,MDB*,38,102,37.25
2016,AL,MOBILIZA*,1,102,0.98
2016,AL,PDT,5,102,4.9
2016,AL,PL*,2,102,1.96
2016,AL,PP*,12,102,11.76
2016,AL,PRP,2,102,1.96
2016,AL,PSB,6,102,5.88
2016,AL,PSD,8,102,7.84
2016,AL,PSDB,18,102,17.65
2016,AL,PT,2,102,1.96
2016,AL,PTB,1,102,0.98
2016,AL,REPUBLICANOS*,4,102,3.92
2016,AM,DEM*,5,62,8.06
2016,AM,MDB*,19,62,30.65
2016,AM,MOBILIZA*,3,62,4.84
2016,AM,PDT,3,62,4.84
2016,AM,PL*,2,62,3.23
2016,AM,PP*,3,62,4.84
2016,AM,PROS,12,62,19.35
2016,AM,PSB,1,62,1.61
2016,AM,PSD,5,62,8.06
2016,AM,PSDB,5,62,8.06
2016,AM,PT,3,62,4.84
2016,AM,SOLIDARIEDADE*,1,62,1.61
2016,AP,AVANTE*,1,16,6.25
2016,AP,DC*,1,16,6.25
2016,AP,MDB*,3,16,18.75
2016,AP,MOBILIZA*,1,16,6.25
2016,AP,PATRIOTA*,1,16,6.25
2016,AP,PDT,1,16,6.25
2016,AP,PL*,1,16,6.25
2016,AP,PPL,1,16,6.25
2016,AP,PROS,1,16,6.25
2016,AP,PSC,1,16,6.25
2016,AP,PSDB,1,16,6.25
2016,AP,PT,1,16,6.25
2016,AP,REDE,1,16,6.25
2016,AP,REPUBLICANOS*,1,16,6.25
2016,BA,AGIR*,2,417,0.48
2016,BA,AVANTE*,1,417,0.24
2016,BA,CIDADANIA*,7,417,1.68
2016,BA,DEM*,38,417,9.11
2016,BA,MDB*,48,417,11.51
2016,BA,PC DO B,12,417,2.88
2016,BA,PDT,20,417,4.8
2016,BA,PHS*,1,417,0.24
2016,BA,PL*,19,417,4.56
2016,BA,PP*,55,417,13.19
2016,BA,PRP,2,417,0.48
2016,BA,PSB,20,417,4.8
2016,BA,PSC,6,417,1.44
2016,BA,PSD,81,417,19.42
2016,BA,PSDB,18,417,4.32
2016,BA,PSL,15,417,3.6
2016,BA,PT,39,417,9.35
2016,BA,PTB,10,417,2.4
2016,BA,PTN,7,417,1.68
2016,BA,PV,2,417,0.48
2016,BA,REDE,3,417,0.72
2016,BA,REPUBLICANOS*,10,417,2.4
2016,BA,SOLIDARIEDADE*,1,417,0.24
2016,CE,CIDADANIA*,1,184,0.54
2016,CE,DEM*,1,184,0.54
2016,CE,MDB*,28,184,15.22
2016,CE,MOBILIZA*,2,184,1.09
2016,CE,PATRIOTA*,2,184,1.09
2016,CE,PC DO B,8,184,4.35
2016,CE,PDT,49,184,26.63
2016,CE,PHS*,2,184,1.09
2016,CE,PL*,11,184,5.98
2016,CE,PMB,2,184,1.09
2016,CE,PP*,8,184,4.35
2016,CE,PROS,1,184,0.54
2016,CE,PRP,1,184,0.54
2016,CE,PSB,2,184,1.09
2016,CE,PSD,21,184,11.41
2016,CE,PSDB,14,184,7.61
2016,CE,PSL,1,184,0.54
2016,CE,PT,14,184,7.61
2016,CE,PTB,6,184,3.26
2016,CE,PTN,1,184,0.54
2016,CE,PV,1,184,0.54
2016,CE,REPUBLICANOS*,2,184,1.09
2016,CE,SOLIDARIEDADE*,6,184,3.26
2016,ES,CIDADANIA*,2,78,2.56
2016,ES,DEM*,4,78,5.13
2016,ES,MDB*,16,78,20.51
2016,ES,MOBILIZA*,4,78,5.13
2016,ES,PC DO B,1,78,1.28
2016,ES,PDT,6,78,7.69
2016,ES,PP*,3,78,3.85
2016,ES,PROS,3,78,3.85
2016,ES,PRP,3,78,3.85
2016,ES,PSB,5,78,6.41
2016,ES,PSD,6,78,7.69
2016,ES,PSDB,14,78,17.95
2016,ES,PT,1,78,1.28
2016,ES,PTB,1,78,1.28
2016,ES,PTN,1,78,1.28
2016,ES,PV,3,78,3.85
2016,ES,REDE,1,78,1.28
2016,ES,REPUBLICANOS*,1,78,1.28
2016,ES,SOLIDARIEDADE*,3,78,3.85
2016,GO,AGIR*,1,246,0.41
2016,GO,CIDADANIA*,4,246,1.63
2016,GO,DEM*,10,246,4.07
2016,GO,MDB*,44,246,17.89
2016,GO,PDT,11,246,4.47
2016,GO,PHS*,1,246,0.41
2016,GO,PL*,18,246,7.32
2016,GO,PP*,23,246,9.35
2016,GO,PROS,7,246,2.85
2016,GO,PRP,1,246,0.41
2016,GO,PRTB*,3,246,1.22
2016,GO,PSB,9,246,3.66
2016,GO,PSD,18,246,7.32
2016,GO,PSDB,75,246,30.49
2016,GO,PT,3,246,1.22
2016,GO,PTB,13,246,5.28
2016,GO,PTN,2,246,0.81
2016,GO,REPUBLICANOS*,3,246,1.22
2016,MA,AGIR*,1,216,0.46
2016,MA,CIDADANIA*,1,216,0.46
2016,MA,DC*,2,216,0.93
2016,MA,DEM*,2,216,0.93
2016,MA,MDB*,21,216,9.72
2016,MA,MOBILIZA*,2,216,0.93
2016,MA,PC DO B,44,216,20.37
2016,MA,PDT,30,216,13.89
2016,MA,PL*,7,216,3.24
2016,MA,PP*,15,216,6.94
2016,MA,PROS,2,216,0.93
2016,MA,PSB,13,216,6.02
2016,MA,PSC,2,216,0.93
2016,MA,PSD,4,216,1.85
2016,MA,PSDB,30,216,13.89
2016,MA,PSL,1,216,0.46
2016,MA,PT,7,216,3.24
2016,MA,PTB,7,216,3.24
2016,MA,PTN,2,216,0.93
2016,MA,PV,7,216,3.24
2016,MA,REPUBLICANOS*,14,216,6.48
2016,MA,SOLIDARIEDADE*,2,216,0.93
2016,MG,AGIR*,5,853,0.59
2016,MG,AVANTE*,5,853,0.59
2016,MG,CIDADANIA*,32,853,3.75
2016,MG,DC*,2,853,0.23
2016,MG,DEM*,53,853,6.21
2016,MG,MDB*,161,853,18.87
2016,MG,MOBILIZA*,7,853,0.82
2016,MG,PATRI,1,853,0.12
2016,MG,PATRIOTA*,2,853,0.23
2016,MG,PC DO B,4,853,0.47
2016,MG,PDT,33,853,3.87
2016,MG,PHS*,17,853,1.99
2016,MG,PL*,62,853,7.27
2016,MG,PP*,58,853,6.8
2016,MG,PROS,9,853,1.06
2016,MG,PRTB*,1,853,0.12
2016,MG,PSB,46,853,5.39
2016,MG,PSC,10,853,1.17
2016,MG,PSD,57,853,6.68
2016,MG,PSDB,131,853,15.36
2016,MG,PSL,4,853,0.47
2016,MG,PT,39,853,4.57
2016,MG,PTB,47,853,5.51
2016,MG,PTN,2,853,0.23
2016,MG,PV,26,853,3.05
2016,MG,REPUBLICANOS*,24,853,2.81
2016,MG,SOLIDARIEDADE*,15,853,1.76
2016,MS,DEM*,3,79,3.8
2016,MS,MDB*,16,79,20.25
2016,MS,MOBILIZA*,1,79,1.27
2016,MS,PATRI,1,79,1.27
2016,MS,PATRIOTA*,3,79,3.8
2016,MS,PDT,3,79,3.8
2016,MS,PL*,8,79,10.13
2016,MS,PSB,5,79,6.33
2016,MS,PSC,1,79,1.27
2016,MS,PSD,1,79,1.27
2016,MS,PSDB,36,79,45.57
2016,MS,PSL,1,79,1.27
2016,MT,DEM*,7,141,4.96
2016,MT,MDB*,16,141,11.35
2016,MT,PDT,6,141,4.26
2016,MT,PL*,11,141,7.8
2016,MT,PP*,5,141,3.55
2016,MT,PROS,1,141,0.71
2016,MT,PSB,15,141,10.64
2016,MT,PSC,5,141,3.55
2016,MT,PSD,23,141,16.31
2016,MT,PSDB,38,141,26.95
2016,MT,PT,2,141,1.42
2016,MT,PTB,2,141,1.42
2016,MT,PV,3,141,2.13
2016,MT,REPUBLICANOS*,3,141,2.13
2016,MT,SOLIDARIEDADE*,4,141,2.84
2016,PA,CIDADANIA*,4,144,2.78
2016,PA,DEM*,15,144,10.42
2016,PA,MDB*,42,144,29.17
2016,PA,PDT,4,144,2.78
2016,PA,PL*,15,144,10.42
2016,PA,PMB,1,144,0.69
2016,PA,PP*,2,144,1.39
2016,PA,PSB,2,144,1.39
2016,PA,PSC,6,144,4.17
2016,PA,PSD,7,144,4.86
2016,PA,PSDB,34,144,23.61
2016,PA,PT,6,144,4.17
2016,PA,PTB,3,144,2.08
2016,PA,PTN,1,144,0.69
2016,PA,SOLIDARIEDADE*,2,144,1.39
2016,PB,AVANTE*,2,223,0.9
2016,PB,DEM*,17,223,7.62
2016,PB,MDB*,31,223,13.9
2016,PB,MOBILIZA*,1,223,0.45
2016,PB,PDT,9,223,4.04
2016,PB,PL*,13,223,5.83
2016,PB,PP*,6,223,2.69
2016,PB,PRP,1,223,0.45
2016,PB,PSB,53,223,23.77
2016,PB,PSC,3,223,1.35
2016,PB,PSD,27,223,12.11
2016,PB,PSDB,36,223,16.14
2016,PB,PSL,3,223,1.35
2016,PB,PT,1,223,0.45
2016,PB,PTB,17,223,7.62
2016,PB,PTN,1,223,0.45
2016,PB,REPUBLICANOS*,2,223,0.9
2016,PE,AGIR*,1,184,0.54
2016,PE,DEM*,4,184,2.17
2016,PE,MDB*,17,184,9.24
2016,PE,MOBILIZA*,2,184,1.09
2016,PE,PATRIOTA*,1,184,0.54
2016,PE,PDT,6,184,3.26
2016,PE,PHS*,1,184,0.54
2016,PE,PL*,20,184,10.87
2016,PE,PP*,4,184,2.17
2016,PE,PRP,2,184,1.09
2016,PE,PSB,68,184,36.96
2016,PE,PSD,17,184,9.24
2016,PE,PSDB,13,184,7.07
2016,PE,PSL,1,184,0.54
2016,PE,PT,7,184,3.8
2016,PE,PTB,17,184,9.24
2016,PE,SOLIDARIEDADE*,3,184,1.63
2016,PI,AGIR*,4,224,1.79
2016,PI,AVANTE*,1,224,0.45
2016,PI,CIDADANIA*,1,224,0.45
2016,PI,DC*,1,224,0.45
2016,PI,MDB*,21,224,9.38
2016,PI,MOBILIZA*,1,224,0.45
2016,PI,PC DO B,2,224,0.89
2016,PI,PDT,8,224,3.57
2016,PI,PHS*,1,224,0.45
2016,PI,PL*,6,224,2.68
2016,PI,PP*,41,224,18.3
2016,PI,PPL,2,224,0.89
2016,PI,PROS,2,224,0.89
2016,PI,PRTB*,3,224,1.34
2016,PI,PSB,34,224,15.18
2016,PI,PSD,25,224,11.16
2016,PI,PSDB,7,224,3.12
2016,PI,PT,38,224,16.96
2016,PI,PTB,22,224,9.82
2016,PI,PTN,1,224,0.45
2016,PI,PV,1,224,0.45
2016,PI,REPUBLICANOS*,1,224,0.45
2016,PI,SOLIDARIEDADE*,1,224,0.45
2016,PR,CIDADANIA*,20,399,5.01
2016,PR,DEM*,19,399,4.76
2016,PR,MDB*,76,399,19.05
2016,PR,MOBILIZA*,3,399,0.75
2016,PR,PATRIOTA*,1,399,0.25
2016,PR,PDT,33,399,8.27
2016,PR,PHS*,6,399,1.5
2016,PR,PL*,16,399,4.01
2016,PR,PP*,25,399,6.27
2016,PR,PPL,2,399,0.5
2016,PR,PROS,5,399,1.25
2016,PR,PRP,1,399,0.25
2016,PR,PSB,17,399,4.26
2016,PR,PSC,40,399,10.03
2016,PR,PSD,28,399,7.02
2016,PR,PSDB,66,399,16.54
2016,PR,PSL,2,399,0.5
2016,PR,PT,10,399,2.51
2016,PR,PTB,16,399,4.01
2016,PR,PTN,1,399,0.25
2016,PR,PV,7,399,1.75
2016,PR,REPUBLICANOS*,2,399,0.5
2016,PR,SOLIDARIEDADE*,3,399,0.75
2016,RJ,CIDADANIA*,7,92,7.61
2016,RJ,DEM*,2,92,2.17
2016,RJ,MDB*,22,92,23.91
2016,RJ,PATRIOTA*,1,92,1.09
2016,RJ,PDT,5,92,5.43
2016,RJ,PHS*,2,92,2.17
2016,RJ,PL*,8,92,8.7
2016,RJ,PMB,1,92,1.09
2016,RJ,PP*,19,92,20.65
2016,RJ,PSB,6,92,6.52
2016,RJ,PSD,2,92,2.17
2016,RJ,PSDB,1,92,1.09
2016,RJ,PT,1,92,1.09
2016,RJ,PTB,5,92,5.43
2016,RJ,PTN,2,92,2.17
2016,RJ,PV,4,92,4.35
2016,RJ,REDE,1,92,1.09
2016,RJ,REPUBLICANOS*,3,92,3.26
2016,RN,CIDADANIA*,1,167,0.6
2016,RN,DEM*,14,167,8.38
2016,RN,MDB*,45,167,26.95
2016,RN,MOBILIZA*,1,167,0.6
2016,RN,PC DO B,3,167,1.8
2016,RN,PDT,2,167,1.2
2016,RN,PHS*,2,167,1.2
2016,RN,PL*,13,167,7.78
2016,RN,PP*,5,167,2.99
2016,RN,PROS,2,167,1.2
2016,RN,PRP,1,167,0.6
2016,RN,PSB,6,167,3.59
2016,RN,PSD,51,167,30.54
2016,RN,PSDB,9,167,5.39
2016,RN,PSOL,2,167,1.2
2016,RN,PT,2,167,1.2
2016,RN,PTB,1,167,0.6
2016,RN,PTN,2,167,1.2
2016,RN,REPUBLICANOS*,4,167,2.4
2016,RN,SOLIDARIEDADE*,1,167,0.6
2016,RO,DC*,2,52,3.85
2016,RO,DEM*,4,52,7.69
2016,RO,MDB*,14,52,26.92
2016,RO,MOBILIZA*,1,52,1.92
2016,RO,PDT,7,52,13.46
2016,RO,PHS*,1,52,1.92
2016,RO,PL*,1,52,1.92
2016,RO,PP*,7,52,13.46
2016,RO,PSB,3,52,5.77
2016,RO,PSDB,6,52,11.54
2016,RO,PSL,1,52,1.92
2016,RO,PT,1,52,1.92
2016,RO,PTB,1,52,1.92
2016,RO,PV,2,52,3.85
2016,RO,SOLIDARIEDADE*,1,52,1.92
2016,RR,MDB*,3,15,20.0
2016,RR,PDT,1,15,6.67
2016,RR,PL*,1,15,6.67
2016,RR,PP*,1,15,6.67
2016,RR,PROS,2,15,13.33
2016,RR,PRTB*,1,15,6.67
2016,RR,PSC,1,15,6.67
2016,RR,PSD,2,15,13.33
2016,RR,PSDB,1,15,6.67
2016,RR,PSL,1,15,6.67
2016,RR,REPUBLICANOS*,1,15,6.67
2016,RS,CIDADANIA*,5,497,1.01
2016,RS,DEM*,10,497,2.01
2016,RS,MDB*,133,497,26.76
2016,RS,PC DO B,1,497,0.2
2016,RS,PDT,79,497,15.9
2016,RS,PP*,142,497,28.57
2016,RS,PSB,24,497,4.83
2016,RS,PSD,3,497,0.6
2016,RS,PSDB,27,497,5.43
2016,RS,PT,38,497,7.65
2016,RS,PTB,29,497,5.84
2016,RS,REPUBLICANOS*,5,497,1.01
2016,RS,SOLIDARIEDADE*,1,497,0.2
2016,SC,CIDADANIA*,1,294,0.34
2016,SC,DEM*,3,294,1.02
2016,SC,MDB*,99,294,33.67
2016,SC,PDT,3,294,1.02
2016,SC,PL*,12,294,4.08
2016,SC,PP*,47,294,15.99
2016,SC,PSB,10,294,3.4
2016,SC,PSD,58,294,19.73
2016,SC,PSDB,40,294,13.61
2016,SC,PT,20,294,6.8
2016,SC,PTB,1,294,0.34
2016,SE,AGIR*,1,74,1.35
2016,SE,AVANTE*,1,74,1.35
2016,SE,DEM*,5,74,6.76
2016,SE,MDB*,17,74,22.97
2016,SE,PC DO B,2,74,2.7
2016,SE,PDT,2,74,2.7
2016,SE,PL*,4,74,5.41
2016,SE,PSB,8,74,10.81
2016,SE,PSC,11,74,14.86
2016,SE,PSD,7,74,9.46
2016,SE,PSDB,5,74,6.76
2016,SE,PT,3,74,4.05
2016,SE,PTN,2,74,2.7
2016,SE,REPUBLICANOS*,3,74,4.05
2016,SE,SOLIDARIEDADE*,3,74,4.05
2016,SP,AGIR*,1,640,0.16
2016,SP,CIDADANIA*,33,640,5.16
2016,SP,DEM*,51,640,7.97
2016,SP,MDB*,84,640,13.12
2016,SP,PATRI,1,640,0.16
2016,SP,PATRIOTA*,1,640,0.16
2016,SP,PC DO B,1,640,0.16
2016,SP,PDT,13,640,2.03
2016,SP,PHS*,5,640,0.78
2016,SP,PL*,31,640,4.84
2016,SP,PODE,1,640,0.16
2016,SP,PP*,13,640,2.03
2016,SP,PROS,2,640,0.31
2016,SP,PRP,3,640,0.47
2016,SP,PSB,41,640,6.41
2016,SP,PSD,60,640,9.38
2016,SP,PSDB,169,640,26.41
2016,SP,PSL,1,640,0.16
2016,SP,PT,8,640,1.25
2016,SP,PTB,62,640,9.69
2016,SP,PTN,3,640,0.47
2016,SP,PV,31,640,4.84
2016,SP,REDE,1,640,0.16
2016,SP,REPUBLICANOS*,13,640,2.03
2016,SP,SOLIDARIEDADE*,11,640,1.72
2016,TO,CIDADANIA*,2,139,1.44
2016,TO,DC*,1,139,0.72
2016,TO,DEM*,1,139,0.72
2016,TO,MDB*,27,139,19.42
2016,TO,MOBILIZA*,1,139,0.72
2016,TO,PDT,1,139,0.72
2016,TO,PL*,15,139,10.79
2016,TO,PP*,10,139,7.19
2016,TO,PROS,1,139,0.72
2016,TO,PRTB*,1,139,0.72
2016,TO,PSB,9,139,6.47
2016,TO,PSC,3,139,2.16
2016,TO,PSD,26,139,18.71
2016,TO,PSDB,6,139,4.32
2016,TO,PSL,1,139,0.72
2016,TO,PT,2,139,1.44
2016,TO,PTB,5,139,3.6
2016,TO,PTN,2,139,1.44
2016,TO,PV,13,139,9.35
2016,TO,REPUBLICANOS*,7,139,5.04
2016,TO,SOLIDARIEDADE*,5,139,3.6
2020,AC,DEM*,1,22,4.55
2020,AC,MDB*,5,22,22.73
2020,AC,PDT,3,22,13.64
2020,AC,PP*,5,22,22.73
2020,AC,PROS,1,22,4.55
2020,AC,PSD,2,22,9.09
2020,AC,PSDB,1,22,4.55
2020,AC,PT,4,22,18.18
2020,AL,CIDADANIA*,1,102,0.98
2020,AL,DEM*,2,102,1.96
2020,AL,MDB*,38,102,37.25
2020,AL,PL*,3,102,2.94
2020,AL,PODE,1,102,0.98
2020,AL,PP*,28,102,27.45
2020,AL,PSB,3,102,2.94
2020,AL,PSC,3,102,2.94
2020,AL,PSD,4,102,3.92
2020,AL,PSDB,2,102,1.96
2020,AL,PT,1,102,0.98
2020,AL,PTB,12,102,11.76
2020,AL,REPUBLICANOS*,4,102,3.92
2020,AM,AVANTE*,1,62,1.61
2020,AM,DEM*,3,62,4.84
2020,AM,MDB*,13,62,20.97
2020,AM,PDT,1,62,1.61
2020,AM,PL*,2,62,3.23
2020,AM,PP*,8,62,12.9
2020,AM,PROS,1,62,1.61
2020,AM,PSC,13,62,20.97
2020,AM,PSD,6,62,9.68
2020,AM,PSDB,3,62,4.84
2020,AM,PT,2,62,3.23
2020,AM,PTB,1,62,1.61
2020,AM,REPUBLICANOS*,8,62,12.9
2020,AP,AVANTE*,1,16,6.25
2020,AP,CIDADANIA*,1,16,6.25
2020,AP,DEM*,5,16,31.25
2020,AP,PDT,2,16,12.5
2020,AP,PL*,1,16,6.25
2020,AP,PP*,2,16,12.5
2020,AP,PROS,1,16,6.25
2020,AP,PRTB*,1,16,6.25
2020,AP,PSL,1,16,6.25
2020,AP,REPUBLICANOS*,1,16,6.25
2020,BA,AVANTE*,4,417,0.96
2020,BA,CIDADANIA*,1,417,0.24
2020,BA,DEM*,38,417,9.11
2020,BA,MDB*,14,417,3.36
2020,BA,PC DO B,16,417,3.84
2020,BA,PDT,14,417,3.36
2020,BA,PL*,20,417,4.8
2020,BA,PODE,5,417,1.2
2020,BA,PP*,92,417,22.06
2020,BA,PROS,6,417,1.44
2020,BA,PSB,30,417,7.19
2020,BA,PSC,3,417,0.72
2020,BA,PSD,109,417,26.14
2020,BA,PSDB,15,417,3.6
2020,BA,PSL,1,417,0.24
2020,BA,PT,32,417,7.67
2020,BA,PTB,3,417,0.72
2020,BA,REDE,2,417,0.48
2020,BA,REPUBLICANOS*,9,417,2.16
2020,BA,SOLIDARIEDADE*,3,417,0.72
2020,CE,CIDADANIA*,1,182,0.55
2020,CE,DEM*,2,182,1.1
2020,CE,MDB*,17,182,9.34
2020,CE,PC DO B,3,182,1.65
2020,CE,PDT,65,182,35.71
2020,CE,PL*,13,182,7.14
2020,CE,PODE,1,182,0.55
2020,CE,PP*,10,182,5.49
2020,CE,PROS,3,182,1.65
2020,CE,PSB,8,182,4.4
2020,CE,PSD,26,182,14.29
2020,CE,PSDB,4,182,2.2
2020,CE,PSOL,1,182,0.55
2020,CE,PT,18,182,9.89
2020,CE,PTB,3,182,1.65
2020,CE,REPUBLICANOS*,2,182,1.1
2020,CE,SOLIDARIEDADE*,5,182,2.75
2020,ES,CIDADANIA*,9,78,11.54
2020,ES,DEM*,2,78,2.56
2020,ES,MDB*,8,78,10.26
2020,ES,MOBILIZA*,1,78,1.28
2020,ES,PDT,7,78,8.97
2020,ES,PODE,2,78,2.56
2020,ES,PP*,7,78,8.97
2020,ES,PSB,13,78,16.67
2020,ES,PSC,1,78,1.28
2020,ES,PSD,5,78,6.41
2020,ES,PSDB,5,78,6.41
2020,ES,PSL,2,78,2.56
2020,ES,PTB,4,78,5.13
2020,ES,REPUBLICANOS*,9,78,11.54
2020,ES,SOLIDARIEDADE*,3,78,3.85
2020,GO,CIDADANIA*,8,246,3.25
2020,GO,DEM*,61,246,24.8
2020,GO,MDB*,30,246,12.2
2020,GO,MOBILIZA*,1,246,0.41
2020,GO,PATRIOTA*,3,246,1.22
2020,GO,PDT,15,246,6.1
2020,GO,PL*,14,246,5.69
2020,GO,PODE,15,246,6.1
2020,GO,PP*,32,246,13.01
2020,GO,PRTB*,1,246,0.41
2020,GO,PSB,5,246,2.03
2020,GO,PSC,7,246,2.85
2020,GO,PSD,9,246,3.66
2020,GO,PSDB,20,246,8.13
2020,GO,PSL,5,246,2.03
2020,GO,PT,3,246,1.22
2020,GO,PTB,2,246,0.81
2020,GO,REPUBLICANOS*,8,246,3.25
2020,GO,SOLIDARIEDADE*,6,246,2.44
2020,GO,UNI√ÉO,1,246,0.41
2020,MA,AVANTE*,1,217,0.46
2020,MA,CIDADANIA*,1,217,0.46
2020,MA,DEM*,11,217,5.07
2020,MA,MDB*,7,217,3.23
2020,MA,MOBILIZA*,2,217,0.92
2020,MA,PATRIOTA*,4,217,1.84
2020,MA,PC DO B,22,217,10.14
2020,MA,PDT,42,217,19.35
2020,MA,PL*,40,217,18.43
2020,MA,PODE,1,217,0.46
2020,MA,PP*,17,217,7.83
2020,MA,PROS,1,217,0.46
2020,MA,PSB,6,217,2.76
2020,MA,PSC,7,217,3.23
2020,MA,PSD,5,217,2.3
2020,MA,PSDB,4,217,1.84
2020,MA,PSL,2,217,0.92
2020,MA,PT,1,217,0.46
2020,MA,PTB,14,217,6.45
2020,MA,REPUBLICANOS*,25,217,11.52
2020,MA,SOLIDARIEDADE*,4,217,1.84
2020,MG,AGIR*,1,853,0.12
2020,MG,AVANTE*,50,853,5.86
2020,MG,CIDADANIA*,25,853,2.93
2020,MG,DEM*,85,853,9.96
2020,MG,MDB*,100,853,11.72
2020,MG,MOBILIZA*,7,853,0.82
2020,MG,PATRIOTA*,22,853,2.58
2020,MG,PC DO B,4,853,0.47
2020,MG,PDT,34,853,3.99
2020,MG,PL*,41,853,4.81
2020,MG,PODE,16,853,1.88
2020,MG,PP*,67,853,7.85
2020,MG,PROS,7,853,0.82
2020,MG,PRTB*,2,853,0.23
2020,MG,PSB,47,853,5.51
2020,MG,PSC,18,853,2.11
2020,MG,PSD,79,853,9.26
2020,MG,PSDB,86,853,10.08
2020,MG,PSL,15,853,1.76
2020,MG,PT,28,853,3.28
2020,MG,PTB,38,853,4.45
2020,MG,PV,17,853,1.99
2020,MG,REDE,1,853,0.12
2020,MG,REPUBLICANOS*,41,853,4.81
2020,MG,SOLIDARIEDADE*,22,853,2.58
2020,MS,DEM*,15,79,18.99
2020,MS,MDB*,8,79,10.13
2020,MS,PATRIOTA*,3,79,3.8
2020,MS,PDT,2,79,2.53
2020,MS,PL*,1,79,1.27
2020,MS,PODE,2,79,2.53
2020,MS,PP*,4,79,5.06
2020,MS,PSB,1,79,1.27
2020,MS,PSD,4,79,5.06
2020,MS,PSDB,37,79,46.84
2020,MS,PSOL,1,79,1.27
2020,MS,PTB,1,79,1.27
2020,MT,CIDADANIA*,1,141,0.71
2020,MT,DEM*,24,141,17.02
2020,MT,MDB*,23,141,16.31
2020,MT,PATRIOTA*,4,141,2.84
2020,MT,PDT,8,141,5.67
2020,MT,PL*,8,141,5.67
2020,MT,PODE,5,141,3.55
2020,MT,PP*,9,141,6.38
2020,MT,PROS,1,141,0.71
2020,MT,PRTB*,1,141,0.71
2020,MT,PSB,14,141,9.93
2020,MT,PSC,2,141,1.42
2020,MT,PSD,10,141,7.09
2020,MT,PSDB,11,141,7.8
2020,MT,PSL,4,141,2.84
2020,MT,PT,1,141,0.71
2020,MT,PTB,2,141,1.42
2020,MT,REPUBLICANOS*,5,141,3.55
2020,MT,SOLIDARIEDADE*,8,141,5.67
2020,PA,AVANTE*,1,144,0.69
2020,PA,DEM*,7,144,4.86
2020,PA,MDB*,61,144,42.36
2020,PA,MOBILIZA*,1,144,0.69
2020,PA,PDT,2,144,1.39
2020,PA,PL*,16,144,11.11
2020,PA,PODE,4,144,2.78
2020,PA,PP*,1,144,0.69
2020,PA,PRTB*,1,144,0.69
2020,PA,PSB,4,144,2.78
2020,PA,PSC,5,144,3.47
2020,PA,PSD,18,144,12.5
2020,PA,PSDB,13,144,9.03
2020,PA,PSOL,1,144,0.69
2020,PA,PT,2,144,1.39
2020,PA,PTB,5,144,3.47
2020,PA,REPUBLICANOS*,1,144,0.69
2020,PA,SOLIDARIEDADE*,1,144,0.69
2020,PB,AVANTE*,6,222,2.7
2020,PB,CIDADANIA*,41,222,18.47
2020,PB,DEM*,25,222,11.26
2020,PB,MDB*,10,222,4.5
2020,PB,PDT,15,222,6.76
2020,PB,PL*,23,222,10.36
2020,PB,PODE,5,222,2.25
2020,PB,PP*,22,222,9.91
2020,PB,PROS,3,222,1.35
2020,PB,PSB,4,222,1.8
2020,PB,PSC,2,222,0.9
2020,PB,PSD,12,222,5.41
2020,PB,PSDB,26,222,11.71
2020,PB,PT,1,222,0.45
2020,PB,PTB,6,222,2.7
2020,PB,REPUBLICANOS*,17,222,7.66
2020,PB,SOLIDARIEDADE*,3,222,1.35
2020,PB,UNI√ÉO,1,222,0.45
2020,PE,AVANTE*,9,184,4.89
2020,PE,CIDADANIA*,2,184,1.09
2020,PE,DEM*,9,184,4.89
2020,PE,MDB*,22,184,11.96
2020,PE,PC DO B,2,184,1.09
2020,PE,PDT,3,184,1.63
2020,PE,PL*,9,184,4.89
2020,PE,PODE,3,184,1.63
2020,PE,PP*,17,184,9.24
2020,PE,PSB,55,184,29.89
2020,PE,PSC,1,184,0.54
2020,PE,PSD,14,184,7.61
2020,PE,PSDB,5,184,2.72
2020,PE,PSL,5,184,2.72
2020,PE,PT,5,184,2.72
2020,PE,PTB,5,184,2.72
2020,PE,REPUBLICANOS*,14,184,7.61
2020,PE,SOLIDARIEDADE*,4,184,2.17
2020,PI,DC*,1,224,0.45
2020,PI,DEM*,2,224,0.89
2020,PI,MDB*,36,224,16.07
2020,PI,PC DO B,1,224,0.45
2020,PI,PDT,1,224,0.45
2020,PI,PL*,7,224,3.12
2020,PI,PP*,83,224,37.05
2020,PI,PSB,4,224,1.79
2020,PI,PSD,40,224,17.86
2020,PI,PSDB,1,224,0.45
2020,PI,PT,23,224,10.27
2020,PI,PTB,15,224,6.7
2020,PI,REPUBLICANOS*,10,224,4.46
2020,PR,AVANTE*,1,399,0.25
2020,PR,CIDADANIA*,14,399,3.51
2020,PR,DEM*,25,399,6.27
2020,PR,MDB*,28,399,7.02
2020,PR,MOBILIZA*,1,399,0.25
2020,PR,PATRIOTA*,2,399,0.5
2020,PR,PDT,17,399,4.26
2020,PR,PL*,31,399,7.77
2020,PR,PODE,16,399,4.01
2020,PR,PP*,22,399,5.51
2020,PR,PROS,7,399,1.75
2020,PR,PSB,16,399,4.01
2020,PR,PSC,22,399,5.51
2020,PR,PSD,129,399,32.33
2020,PR,PSDB,17,399,4.26
2020,PR,PSL,25,399,6.27
2020,PR,PT,8,399,2.01
2020,PR,PTB,8,399,2.01
2020,PR,PV,4,399,1.0
2020,PR,REPUBLICANOS*,5,399,1.25
2020,PR,SOLIDARIEDADE*,1,399,0.25
2020,RJ,AVANTE*,2,92,2.17
2020,RJ,CIDADANIA*,4,92,4.35
2020,RJ,DEM*,11,92,11.96
2020,RJ,MDB*,7,92,7.61
2020,RJ,PDT,4,92,4.35
2020,RJ,PL*,9,92,9.78
2020,RJ,PMB,1,92,1.09
2020,RJ,PODE,2,92,2.17
2020,RJ,PP*,10,92,10.87
2020,RJ,PROS,2,92,2.17
2020,RJ,PSB,1,92,1.09
2020,RJ,PSC,10,92,10.87
2020,RJ,PSD,6,92,6.52
2020,RJ,PSDB,1,92,1.09
2020,RJ,PT,1,92,1.09
2020,RJ,PTB,4,92,4.35
2020,RJ,PV,1,92,1.09
2020,RJ,REDE,1,92,1.09
2020,RJ,REPUBLICANOS*,6,92,6.52
2020,RJ,SOLIDARIEDADE*,9,92,9.78
2020,RN,DEM*,17,167,10.18
2020,RN,MDB*,38,167,22.75
2020,RN,PDT,2,167,1.2
2020,RN,PL*,19,167,11.38
2020,RN,PP*,14,167,8.38
2020,RN,PROS,5,167,2.99
2020,RN,PSB,6,167,3.59
2020,RN,PSD,18,167,10.78
2020,RN,PSDB,30,167,17.96
2020,RN,PSOL,1,167,0.6
2020,RN,PT,3,167,1.8
2020,RN,REPUBLICANOS*,11,167,6.59
2020,RN,SOLIDARIEDADE*,2,167,1.2
2020,RN,UNI√ÉO,1,167,0.6
2020,RO,DEM*,8,52,15.38
2020,RO,MDB*,9,52,17.31
2020,RO,PATRIOTA*,2,52,3.85
2020,RO,PDT,3,52,5.77
2020,RO,PODE,4,52,7.69
2020,RO,PP*,6,52,11.54
2020,RO,PROS,1,52,1.92
2020,RO,PSB,3,52,5.77
2020,RO,PSD,7,52,13.46
2020,RO,PSDB,3,52,5.77
2020,RO,PT,1,52,1.92
2020,RO,PV,2,52,3.85
2020,RO,REPUBLICANOS*,3,52,5.77
2020,RR,MDB*,3,15,20.0
2020,RR,PL*,1,15,6.67
2020,RR,PP*,1,15,6.67
2020,RR,PSD,1,15,6.67
2020,RR,REDE,1,15,6.67
2020,RR,REPUBLICANOS*,4,15,26.67
2020,RR,SOLIDARIEDADE*,4,15,26.67
2020,RS,CIDADANIA*,2,497,0.4
2020,RS,DEM*,15,497,3.02
2020,RS,MDB*,136,497,27.36
2020,RS,PDT,66,497,13.28
2020,RS,PL*,10,497,2.01
2020,RS,PODE,1,497,0.2
2020,RS,PP*,145,497,29.18
2020,RS,PSB,17,497,3.42
2020,RS,PSD,6,497,1.21
2020,RS,PSDB,31,497,6.24
2020,RS,PSL,7,497,1.41
2020,RS,PT,23,497,4.63
2020,RS,PTB,32,497,6.44
2020,RS,REPUBLICANOS*,6,497,1.21
2020,SC,CIDADANIA*,1,294,0.34
2020,SC,DC*,1,294,0.34
2020,SC,DEM*,7,294,2.38
2020,SC,MDB*,96,294,32.65
2020,SC,NOVO,1,294,0.34
2020,SC,PATRIOTA*,1,294,0.34
2020,SC,PDT,3,294,1.02
2020,SC,PL*,26,294,8.84
2020,SC,PODE,3,294,1.02
2020,SC,PP*,53,294,18.03
2020,SC,PSB,1,294,0.34
2020,SC,PSC,1,294,0.34
2020,SC,PSD,41,294,13.95
2020,SC,PSDB,33,294,11.22
2020,SC,PSL,13,294,4.42
2020,SC,PT,11,294,3.74
2020,SC,REPUBLICANOS*,2,294,0.68
2020,SE,AVANTE*,1,75,1.33
2020,SE,CIDADANIA*,2,75,2.67
2020,SE,DEM*,3,75,4.0
2020,SE,MDB*,9,75,12.0
2020,SE,PDT,2,75,2.67
2020,SE,PL*,8,75,10.67
2020,SE,PP*,8,75,10.67
2020,SE,PSB,4,75,5.33
2020,SE,PSC,8,75,10.67
2020,SE,PSD,20,75,26.67
2020,SE,PT,6,75,8.0
2020,SE,REPUBLICANOS*,2,75,2.67
2020,SE,SOLIDARIEDADE*,2,75,2.67
2020,SP,AVANTE*,2,645,0.31
2020,SP,CIDADANIA*,25,645,3.88
2020,SP,DEM*,70,645,10.85
2020,SP,MDB*,58,645,8.99
2020,SP,PATRIOTA*,9,645,1.4
2020,SP,PC DO B,1,645,0.16
2020,SP,PDT,6,645,0.93
2020,SP,PL*,41,645,6.36
2020,SP,PODE,22,645,3.41
2020,SP,PP*,32,645,4.96
2020,SP,PROS,1,645,0.16
2020,SP,PSB,15,645,2.33
2020,SP,PSC,6,645,0.93
2020,SP,PSD,66,645,10.23
2020,SP,PSDB,180,645,27.91
2020,SP,PSL,10,645,1.55
2020,SP,PSOL,1,645,0.16
2020,SP,PT,4,645,0.62
2020,SP,PTB,51,645,7.91
2020,SP,PV,16,645,2.48
2020,SP,REPUBLICANOS*,23,645,3.57
2020,SP,SOLIDARIEDADE*,6,645,0.93
2020,TO,AVANTE*,2,139,1.44
2020,TO,CIDADANIA*,2,139,1.44
2020,TO,DEM*,26,139,18.71
2020,TO,MDB*,23,139,16.55
2020,TO,PDT,1,139,0.72
2020,TO,PL*,6,139,4.32
2020,TO,PODE,1,139,0.72
2020,TO,PP*,7,139,5.04
2020,TO,PROS,2,139,1.44
2020,TO,PSB,1,139,0.72
2020,TO,PSC,6,139,4.32
2020,TO,PSD,22,139,15.83
2020,TO,PSDB,2,139,1.44
2020,TO,PSL,3,139,2.16
2020,TO,PT,4,139,2.88
2020,TO,PTB,10,139,7.19
2020,TO,PV,5,139,3.6
2020,TO,REPUBLICANOS*,1,139,0.72
2020,TO,SOLIDARIEDADE*,15,139,10.79
2024,AC,MDB*,1,22,4.55
2024,AC,PDT,1,22,4.55
2024,AC,PL*,2,22,9.09
2024,AC,PP*,14,22,63.64
2024,AC,PSD,1,22,4.55
2024,AC,REPUBLICANOS*,2,22,9.09
2024,AC,UNI√ÉO,1,22,4.55
2024,AL,MDB*,65,102,63.73
2024,AL,PL*,1,102,0.98
2024,AL,PP*,27,102,26.47
2024,AL,PSB,2,102,1.96
2024,AL,PSDB,1,102,0.98
2024,AL,PT,1,102,0.98
2024,AL,REPUBLICANOS*,5,102,4.9
2024,AM,AVANTE*,1,62,1.61
2024,AM,MDB*,14,62,22.58
2024,AM,PDT,1,62,1.61
2024,AM,PL*,2,62,3.23
2024,AM,PODE,1,62,1.61
2024,AM,PP*,1,62,1.61
2024,AM,PSD,6,62,9.68
2024,AM,PSDB,1,62,1.61
2024,AM,PT,2,62,3.23
2024,AM,REPUBLICANOS*,9,62,14.52
2024,AM,UNI√ÉO,24,62,38.71
2024,AP,MDB*,3,16,18.75
2024,AP,PL*,1,16,6.25
2024,AP,PP*,2,16,12.5
2024,AP,PSD,1,16,6.25
2024,AP,UNI√ÉO,9,16,56.25
2024,BA,AVANTE*,60,417,14.39
2024,BA,MDB*,32,417,7.67
2024,BA,PC DO B,15,417,3.6
2024,BA,PDT,8,417,1.92
2024,BA,PL*,1,417,0.24
2024,BA,PMB,1,417,0.24
2024,BA,PODE,6,417,1.44
2024,BA,PP*,41,417,9.83
2024,BA,PRD,3,417,0.72
2024,BA,PSB,24,417,5.76
2024,BA,PSD,115,417,27.58
2024,BA,PSDB,9,417,2.16
2024,BA,PT,50,417,11.99
2024,BA,PV,4,417,0.96
2024,BA,REPUBLICANOS*,5,417,1.2
2024,BA,SOLIDARIEDADE*,4,417,0.96
2024,BA,UNI√ÉO,39,417,9.35
2024,CE,MDB*,9,182,4.95
2024,CE,PDT,5,182,2.75
2024,CE,PODE,2,182,1.1
2024,CE,PP*,12,182,6.59
2024,CE,PRD,5,182,2.75
2024,CE,PSB,65,182,35.71
2024,CE,PSD,15,182,8.24
2024,CE,PSDB,2,182,1.1
2024,CE,PT,47,182,25.82
2024,CE,REPUBLICANOS*,14,182,7.69
2024,CE,SOLIDARIEDADE*,1,182,0.55
2024,CE,UNI√ÉO,5,182,2.75
2024,ES,CIDADANIA*,1,77,1.3
2024,ES,MDB*,6,77,7.79
2024,ES,PDT,4,77,5.19
2024,ES,PL*,5,77,6.49
2024,ES,PODE,11,77,14.29
2024,ES,PP*,12,77,15.58
2024,ES,PRD,1,77,1.3
2024,ES,PSB,21,77,27.27
2024,ES,PSD,3,77,3.9
2024,ES,PSDB,4,77,5.19
2024,ES,REPUBLICANOS*,8,77,10.39
2024,ES,UNI√ÉO,1,77,1.3
2024,GO,MDB*,47,244,19.26
2024,GO,NOVO,1,244,0.41
2024,GO,PDT,11,244,4.51
2024,GO,PL*,26,244,10.66
2024,GO,PODE,14,244,5.74
2024,GO,PP*,26,244,10.66
2024,GO,PRD,4,244,1.64
2024,GO,PSB,3,244,1.23
2024,GO,PSD,3,244,1.23
2024,GO,PSDB,6,244,2.46
2024,GO,PT,3,244,1.23
2024,GO,REPUBLICANOS*,2,244,0.82
2024,GO,SOLIDARIEDADE*,3,244,1.23
2024,GO,UNI√ÉO,95,244,38.93
2024,MA,AVANTE*,2,214,0.93
2024,MA,MDB*,36,214,16.82
2024,MA,MOBILIZA*,3,214,1.4
2024,MA,PC DO B,2,214,0.93
2024,MA,PDT,18,214,8.41
2024,MA,PL*,39,214,18.22
2024,MA,PODE,2,214,0.93
2024,MA,PP*,30,214,14.02
2024,MA,PRD,6,214,2.8
2024,MA,PSB,19,214,8.88
2024,MA,PSD,1,214,0.47
2024,MA,PSDB,8,214,3.74
2024,MA,PT,2,214,0.93
2024,MA,REPUBLICANOS*,19,214,8.88
2024,MA,SOLIDARIEDADE*,1,214,0.47
2024,MA,UNI√ÉO,26,214,12.15
2024,MG,AGIR*,1,851,0.12
2024,MG,AVANTE*,59,851,6.93
2024,MG,CIDADANIA*,16,851,1.88
2024,MG,DC*,2,851,0.24
2024,MG,MDB*,82,851,9.64
2024,MG,MOBILIZA*,16,851,1.88
2024,MG,NOVO,9,851,1.06
2024,MG,PC DO B,1,851,0.12
2024,MG,PDT,22,851,2.59
2024,MG,PL*,54,851,6.35
2024,MG,PMB,1,851,0.12
2024,MG,PODE,24,851,2.82
2024,MG,PP*,76,851,8.93
2024,MG,PRD,42,851,4.94
2024,MG,PSB,22,851,2.59
2024,MG,PSD,142,851,16.69
2024,MG,PSDB,59,851,6.93
2024,MG,PT,35,851,4.11
2024,MG,PV,3,851,0.35
2024,MG,REDE,2,851,0.24
2024,MG,REPUBLICANOS*,83,851,9.75
2024,MG,SOLIDARIEDADE*,31,851,3.64
2024,MG,UNI√ÉO,69,851,8.11
2024,MS,MDB*,9,79,11.39
2024,MS,PL*,5,79,6.33
2024,MS,PP*,16,79,20.25
2024,MS,PSB,1,79,1.27
2024,MS,PSD,4,79,5.06
2024,MS,PSDB,44,79,55.7
2024,MT,MDB*,18,142,12.68
2024,MT,NOVO,1,142,0.7
2024,MT,PL*,22,142,15.49
2024,MT,PODE,1,142,0.7
2024,MT,PP*,4,142,2.82
2024,MT,PRD,4,142,2.82
2024,MT,PSB,15,142,10.56
2024,MT,PSD,2,142,1.41
2024,MT,PSDB,3,142,2.11
2024,MT,REPUBLICANOS*,12,142,8.45
2024,MT,UNI√ÉO,60,142,42.25
2024,PA,AVANTE*,2,143,1.4
2024,PA,MDB*,84,143,58.74
2024,PA,PDT,1,143,0.7
2024,PA,PL*,1,143,0.7
2024,PA,PODE,1,143,0.7
2024,PA,PP*,16,143,11.19
2024,PA,PRD,1,143,0.7
2024,PA,PSB,1,143,0.7
2024,PA,PSD,14,143,9.79
2024,PA,PT,2,143,1.4
2024,PA,PV,1,143,0.7
2024,PA,REPUBLICANOS*,5,143,3.5
2024,PA,UNI√ÉO,14,143,9.79
2024,PB,AVANTE*,1,223,0.45
2024,PB,MDB*,23,223,10.31
2024,PB,PDT,2,223,0.9
2024,PB,PL*,11,223,4.93
2024,PB,PP*,20,223,8.97
2024,PB,PSB,69,223,30.94
2024,PB,PSD,11,223,4.93
2024,PB,PSDB,9,223,4.04
2024,PB,PT,1,223,0.45
2024,PB,REDE,1,223,0.45
2024,PB,REPUBLICANOS*,50,223,22.42
2024,PB,SOLIDARIEDADE*,2,223,0.9
2024,PB,UNI√ÉO,23,223,10.31
2024,PE,AVANTE*,8,184,4.35
2024,PE,MDB*,12,184,6.52
2024,PE,PC DO B,1,184,0.54
2024,PE,PDT,1,184,0.54
2024,PE,PL*,2,184,1.09
2024,PE,PODE,8,184,4.35
2024,PE,PP*,25,184,13.59
2024,PE,PRD,1,184,0.54
2024,PE,PSB,31,184,16.85
2024,PE,PSD,20,184,10.87
2024,PE,PSDB,32,184,17.39
2024,PE,PT,6,184,3.26
2024,PE,PV,5,184,2.72
2024,PE,REPUBLICANOS*,22,184,11.96
2024,PE,SOLIDARIEDADE*,1,184,0.54
2024,PE,UNI√ÉO,9,184,4.89
2024,PI,MDB*,57,224,25.45
2024,PI,PDT,7,224,3.12
2024,PI,PODE,1,224,0.45
2024,PI,PP*,34,224,15.18
2024,PI,PSB,2,224,0.89
2024,PI,PSD,65,224,29.02
2024,PI,PT,50,224,22.32
2024,PI,REPUBLICANOS*,3,224,1.34
2024,PI,SOLIDARIEDADE*,4,224,1.79
2024,PI,UNI√ÉO,1,224,0.45
2024,PR,CIDADANIA*,2,398,0.5
2024,PR,MDB*,29,398,7.29
2024,PR,NOVO,1,398,0.25
2024,PR,PDT,5,398,1.26
2024,PR,PL*,52,398,13.07
2024,PR,PODE,8,398,2.01
2024,PR,PP*,61,398,15.33
2024,PR,PRD,3,398,0.75
2024,PR,PSB,14,398,3.52
2024,PR,PSD,164,398,41.21
2024,PR,PSDB,9,398,2.26
2024,PR,PT,3,398,0.75
2024,PR,REPUBLICANOS*,16,398,4.02
2024,PR,SOLIDARIEDADE*,1,398,0.25
2024,PR,UNI√ÉO,30,398,7.54
2024,RJ,AGIR*,1,90,1.11
2024,RJ,CIDADANIA*,4,90,4.44
2024,RJ,MDB*,11,90,12.22
2024,RJ,PDT,1,90,1.11
2024,RJ,PL*,22,90,24.44
2024,RJ,PP*,17,90,18.89
2024,RJ,PRD,1,90,1.11
2024,RJ,PSD,3,90,3.33
2024,RJ,PT,3,90,3.33
2024,RJ,REPUBLICANOS*,5,90,5.56
2024,RJ,SOLIDARIEDADE*,9,90,10.0
2024,RJ,UNI√ÉO,13,90,14.44
2024,RN,MDB*,45,167,26.95
2024,RN,PDT,1,167,0.6
2024,RN,PL*,18,167,10.78
2024,RN,PODE,6,167,3.59
2024,RN,PP*,20,167,11.98
2024,RN,PSB,1,167,0.6
2024,RN,PSD,21,167,12.57
2024,RN,PSDB,15,167,8.98
2024,RN,PT,7,167,4.19
2024,RN,REPUBLICANOS*,4,167,2.4
2024,RN,SOLIDARIEDADE*,1,167,0.6
2024,RN,UNI√ÉO,28,167,16.77
2024,RO,AVANTE*,1,52,1.92
2024,RO,MDB*,4,52,7.69
2024,RO,PL*,12,52,23.08
2024,RO,PODE,4,52,7.69
2024,RO,PP*,4,52,7.69
2024,RO,PRTB*,1,52,1.92
2024,RO,PSD,7,52,13.46
2024,RO,REPUBLICANOS*,3,52,5.77
2024,RO,UNI√ÉO,16,52,30.77
2024,RR,MDB*,1,15,6.67
2024,RR,PP*,7,15,46.67
2024,RR,REDE,1,15,6.67
2024,RR,REPUBLICANOS*,6,15,40.0
2024,RS,CIDADANIA*,2,497,0.4
2024,RS,MDB*,126,497,25.35
2024,RS,PDT,50,497,10.06
2024,RS,PL*,37,497,7.44
2024,RS,PODE,2,497,0.4
2024,RS,PP*,164,497,33.0
2024,RS,PRD,4,497,0.8
2024,RS,PSB,8,497,1.61
2024,RS,PSD,12,497,2.41
2024,RS,PSDB,35,497,7.04
2024,RS,PT,20,497,4.02
2024,RS,REPUBLICANOS*,16,497,3.22
2024,RS,UNI√ÉO,21,497,4.23
2024,SC,CIDADANIA*,2,295,0.68
2024,SC,MDB*,70,295,23.73
2024,SC,NOVO,3,295,1.02
2024,SC,PL*,90,295,30.51
2024,SC,PODE,3,295,1.02
2024,SC,PP*,53,295,17.97
2024,SC,PSD,41,295,13.9
2024,SC,PSDB,13,295,4.41
2024,SC,PT,7,295,2.37
2024,SC,REPUBLICANOS*,4,295,1.36
2024,SC,UNI√ÉO,9,295,3.05
2024,SE,MDB*,3,72,4.17
2024,SE,PDT,1,72,1.39
2024,SE,PL*,6,72,8.33
2024,SE,PODE,1,72,1.39
2024,SE,PP*,5,72,6.94
2024,SE,PSB,1,72,1.39
2024,SE,PSD,25,72,34.72
2024,SE,PT,6,72,8.33
2024,SE,REPUBLICANOS*,2,72,2.78
2024,SE,UNI√ÉO,22,72,30.56
2024,SP,AVANTE*,2,642,0.31
2024,SP,CIDADANIA*,5,642,0.78
2024,SP,MDB*,70,642,10.9
2024,SP,MOBILIZA*,1,642,0.16
2024,SP,NOVO,4,642,0.62
2024,SP,PDT,4,642,0.62
2024,SP,PL*,105,642,16.36
2024,SP,PODE,31,642,4.83
2024,SP,PP*,48,642,7.48
2024,SP,PRD,2,642,0.31
2024,SP,PSB,11,642,1.71
2024,SP,PSD,208,642,32.4
2024,SP,PSDB,21,642,3.27
2024,SP,PT,4,642,0.62
2024,SP,REPUBLICANOS*,85,642,13.24
2024,SP,SOLIDARIEDADE*,5,642,0.78
2024,SP,UNI√ÉO,36,642,5.61
2024,TO,AGIR*,1,139,0.72
2024,TO,MDB*,4,139,2.88
2024,TO,PDT,8,139,5.76
2024,TO,PL*,3,139,2.16
2024,TO,PODE,1,139,0.72
2024,TO,PP*,15,139,10.79
2024,TO,PSB,1,139,0.72
2024,TO,PSD,6,139,4.32
2024,TO,PSDB,2,139,1.44
2024,TO,PT,3,139,2.16
2024,TO,REPUBLICANOS*,57,139,41.01
2024,TO,SOLIDARIEDADE*,1,139,0.72
2024,TO,UNI√ÉO,37,139,26.62
